Im Filialzielbestand bis spätestens;Quelle;Product Type;Product Mandator Country Id;Product Id; Einkaufspreis (teilweise Lagerwert) ;Stück pro Filiale;Bemerkungen;Einkaufswert;;Verfügbarkeit;Anpassung der Anzahl;;;Legende:
;;3D Drucker;Ender 3 V3 SE;37632240; CHF 152.66 ;1;; CHF 152.66 ;AJ;;;;;
;;3D Drucker;K1 Max;25442478; CHF 628.16 ;1;; CHF 628.16 ;AJ;;;;;
24.05.2024;;3D Filament;"Filament (PLA; 1.75 mm; 1000 g)";10124726; CHF 16.93 ;1;; CHF 16.93 ;AJ;;;;;
;;3D Filament;"PolyTerra (PLA; 1.75 mm; 1000 g; Schwarz)";15969860; CHF 14.48 ;1;; CHF 14.48 ;AJ;;;;;
;;3D Filament;"PolyTerra (PLA; 1.75 mm; 1000 g; Weiss)";15969850; CHF 13.55 ;1;; CHF 13.55 ;AJ;;;;;
;;3D Filament;"PolyTerra (PLA; 1.75 mm; 1000 g; Grau)";15969857; CHF 13.34 ;1;; CHF 13.34 ;AJ;;;;;
;;3D Filament;"Filament CR-PLA Schwarz; 1.75 mm; 1 kg (PLA; 1.75 mm; 1000 g; Schwarz)";21479060; CHF 11.11 ;1;; CHF 11.11 ;AJ;;;;;
24.05.2024;;Access Point;UniFi 6 LR;14514551; CHF 154.19 ;1;; CHF 154.19 ;AJ;;;;;
24.05.2024;Top 1000 Artikel;Access Point;UniFi AP AC-PRO;5620972; CHF 106.33 ;1;; CHF 106.33 ;AJ;;;;;
24.05.2024;;Access Point;"U6-Pro (4800 Mbit/s; 573 Mbit/s)";18253952; CHF 165.00 ;1;; CHF 165.00 ;AJ;;;;;
24.05.2024;;Action Cam;"X3 (30p; 5.7K; WLAN; Bluetooth)";21987319; CHF 371.44 ;1;; CHF 371.44 ;AJ;;;;;
24.05.2024;;Action Cam;"Action 2 Power Combo (120p; 4K; Bluetooth; WLAN)";16829033; CHF 226.79 ;1;; CHF 226.79 ;AJ;;;;;
;;Action Cam;"Hero12 inkl. 128 GB MicroSDXC-Karte (60p; 5.3K; Bluetooth; WLAN)";37627280; CHF 339.40 ;1;; CHF 339.40 ;AJ;;;;;
;;Action Cam;"HERO13 Black (inkl. 128 GB MicroSDX) (60p; Bluetooth; WLAN)";48046447; CHF 336.59 ;1;;;;;;;;
24.05.2024;;Auto Adapter;CC-A3 Car Charger Enduro;14334118; CHF 9.89 ;2;; CHF 19.78 ;AJ;;;;;
;;Auto Adapter;Dual USB Auto Schnellladegerät;24147588; CHF 5.06 ;1;; CHF 5.06 ;AJ;;;;;
;;Auto Adapter;Fast Charger (100W);24556947; CHF 26.50 ;2;; CHF 53.00 ;AJ;;;;;
24.05.2024;;Batterien;"Photo Lithium (10 Stk.; CR123A; 1430 mAh)";12459939; CHF 14.14 ;1;; CHF 14.14 ;AJ;;;;;
24.05.2024;;Batterien;CR2032 (4 Stk.);13686131; CHF 7.83 ;1;; CHF 7.83 ;AJ;;;;;
24.05.2024;;Batterien;"Longlife Power (40 Stk.; AA)";10679645; CHF 11.79 ;2;; CHF 23.58 ;AJ;;;;;
24.05.2024;;Batterien;"Lithium Power CR2032 (6 Stk.; CR2032; 210 mAh)";10265100; CHF 2.99 ;1;; CHF 2.99 ;AJ;;;;;
10.11.2024;;Batterien;"AAA Alkaline (24 Stk.; AAA; 1270 mAh)";36011519; CHF 2.15 ;2;; CHF 4.30 ;AJ;;;;;
10.11.2024;;Batterien;"CR2032 Lithium (8 Stk.; CR2032; 230 mAh)";36011518; CHF 0.65 ;2;; CHF 1.30 ;AJ;;;;;
10.11.2024;;Batterien;"AA Alkaline (24 Stk.; AA; 2960 mAh)";36013695; CHF 2.63 ;2;; CHF 5.26 ;AJ;;;;;
24.05.2024;Top 1000 Artikel;Beleuchtung Zubehör;Hue SmartPlug CH;13688812; CHF 31.49 ;2;; CHF 62.97 ;AJ;;;;;
24.05.2024;;Betriebsystem;"Windows 11 Pro (Deutsch; PKC)";16767661; CHF 112.73 ;2;Nur in Deutschschweiz; CHF 225.47 ;AJ;;;;;
24.05.2024;;Betriebsystem;"Windows 11 Home (Deutsch; PKC)";16767660; CHF 81.40 ;2;Nur in Deutschschweiz; CHF 162.80 ;AJ;;;;;
24.05.2024;;Betriebsystem;"Windows 11 Pro (Französisch; PKC)";16756805; CHF 115.79 ;1;Franz nur in LA und GE (16756805); CHF 115.79 ;AJ;;;;;
24.05.2024;;Betriebsystem;"Windows 11 Home (Französisch; PKC)";16756801; CHF 84.40 ;1;Franz nur in LA und GE (16756801); CHF 84.40 ;AJ;;;;;
;;Bluetooth Lautsprecher;"Wonderboom 4 (14 h; Akkubetrieb)";46792082; CHF 56.88 ;2;;;;;;;;
;;Bluetooth Lautsprecher;"Boom 4 (15 h; Akkubetrieb)";46792083; CHF 80.26 ;1;;;;;;;;
24.05.2024;Top Galaxus;Bürstenkopf;C3 Premium Defence (4 x);6603160; CHF 27.95 ;2;; CHF 55.90 ;AJ;;;;;
24.05.2024;Top Galaxus;Bürstenkopf;C3 Premium Defence (4 x);6603146; CHF 28.28 ;2;; CHF 56.56 ;AJ;;;;;
24.05.2024;Top Galaxus;Bürstenkopf;Optimal White;9699912; CHF 18.27 ;2;; CHF 36.54 ;AJ;;;;;
24.05.2024;Top Galaxus;Bürstenkopf;Optimal White (8 x);9699914; CHF 24.08 ;1;; CHF 24.08 ;AJ;;;;;
24.05.2024;;Bürstenkopf;Oral-B iO Ultimative Reinigung (8x);21402091; CHF 33.56 ;1;; CHF 33.56 ;AJ;;;;;
24.05.2024;;Bürstenkopf;Oral-B Pulsonic Clean (4x);13579913; CHF 9.65 ;2;; CHF 19.30 ;AJ;;;;;
24.05.2024;;Bürstenkopf;Oral-B iO Ultimative Reinigung (4x);14340498; CHF 21.44 ;1;; CHF 21.44 ;AJ;;;;;
24.05.2024;;CPU Kühler;Pure Rock Slim 2 (13.50 cm);15442404; CHF 18.28 ;1;; CHF 18.28 ;AJ;;;;;
24.05.2024;;CPU Kühler;Pure Rock 2 (155 mm);13453234; CHF 30.24 ;1;; CHF 30.24 ;AJ;;;;;
24.05.2024;;CPU Kühler;NH-D15 Chromax (165 mm);12111628; CHF 98.00 ;1;; CHF 98.00 ;AJ;;;;;
24.05.2024;;CPU Kühler;I250PWM (70 mm);10144489; CHF 5.76 ;1;; CHF 5.76 ;AJ;;;;;
24.05.2024;;CPU Wasserkühler;Silent Loop 2;15621143; CHF 126.69 ;1;; CHF 126.69 ;AJ;;;;;
;;CPU Wasserkühler;iCUE H150i Elite Capellix XT;24024840; CHF 126.68 ;1;; CHF 126.68 ;AJ;;;;;
24.05.2024;Top 1000 Artikel;Crypto Wallet;Nano X;10296605; CHF 122.41 ;2;; CHF 244.82 ;AJ;;;;;
24.05.2024;;Crypto Wallet;Nano S Plus;20455291; CHF 61.43 ;2;; CHF 122.86 ;AJ;;;;;
24.05.2024;Top 1000 Artikel;Dockingstation+USB Hub;ST-SCMA2M;10093770; CHF 40.63 ;1;; CHF 40.63 ;AJ;;;;;
24.05.2024;Top 1000 Artikel;Dockingstation+USB Hub;Surface Dock 2;13070967; CHF 149.05 ;1;; CHF 149.05 ;AJ;;;;;
24.05.2024;;Dockingstation+USB Hub;HP Thunderbolt Dock G4;21359396; CHF 172.46 ;1;; CHF 172.46 ;AJ;;;;;
24.05.2024;;Dockingstation+USB Hub;Hama USB-C-Hub;16185208; CHF 17.13 ;1;; CHF 17.13 ;AJ;;;;;
24.05.2024;;Dockingstation+USB Hub;USB-Hub (4 Ports);13274594; CHF 9.68 ;1;; CHF 9.68 ;AJ;;;;;
24.05.2024;;Dockingstation+USB Hub;4 Port-C Hub (USB C);15825437; CHF 18.90 ;1;; CHF 18.90 ;AJ;;;;;
24.05.2024;;Drohne;"DJI Mini 3 (38 min; 248 g; 12 Mpx)";23253715; CHF 426.10 ;1;; CHF 426.10 ;AJ;;;;;
;;Drohne;"Mini 3 mit RC Controller und Fly More Combo (38 min; 248 g; 12 Mpx)";23253712; CHF 574.74 ;1;; CHF 574.74 ;AJ;;;;;
;;Drohne;"Mini 4 Pro Fly More Combo (34 min; 249 g; 48 Mpx)";38699113; CHF 787.81 ;1;; CHF 787.81 ;AJ;;;;;
24.05.2024;;Drohnen Zubehör ;DJI Mini 3 Pro Intelligent Flight Battery;20805459; CHF 56.45 ;1;; CHF 56.45 ;AJ;;;;;
24.05.2024;;Drohnen Zubehör ;"DJI Mavic 3 Low-Noise Propeller (Diverse; Mavic 3)";18002292; CHF 15.60 ;1;; CHF 15.60 ;AJ;;;;;
24.05.2024;;Drohnen Zubehör ;"DJI Mavic 3 Intelligent Flight Battery (Akku; Mavic 3)";18002296; CHF 155.80 ;1;; CHF 155.80 ;AJ;;;;;
24.05.2024;;Drohnen Zubehör ;"DJI Mini 3 Pro Propellers (Diverse; Mini 3 Pro)";20805202; CHF 7.04 ;1;; CHF 7.04 ;AJ;;;;;
24.05.2024;;Drucker;"EcoTank ET-2850 (Tintentank; Farbe)";16729880; CHF 254.53 ;1;; CHF 254.53 ;AJ;;;;;
24.05.2024;;Drucker;"Expression Premium XP-7100 (Tintenpatrone; Farbe)";9762564; CHF 109.81 ;1;; CHF 109.81 ;AJ;;;;;
24.05.2024;;Drucker;"Envy Inspire 7220e (Tintenpatrone; Farbe)";17694750; CHF 76.69 ;1;; CHF 76.69 ;AJ;;;;;
24.05.2024;;Drucker;"EcoTank ET-4850 (Tintentank; Farbe)";16827052; CHF 305.46 ;1;; CHF 305.46 ;AJ;;;;;
24.05.2024;;Drucker;"EcoTank ET-3850 (Tintentank; Farbe)";16712343; CHF 306.24 ;1;; CHF 306.24 ;AJ;;;;;
24.05.2024;;Drucker;"M283fdw Color LaserJet Pro (Laser; Farbe)";12511193; CHF 323.38 ;1;; CHF 323.38 ;AJ;;;;;
;;Drucker;"Zoemini 2 (Thermodirekt; Farbe)";22512988; CHF 84.35 ;1;; CHF 84.35 ;AJ;;;;;
;;Drucker;"Sprocket 200 (Thermodirekt; Farbe)";14951102; CHF 72.86 ;1;; CHF 72.86 ;AJ;;;;;
;;Drucker;"Selphy CP1500 (Thermodirekt; Farbe)";21469284; CHF 77.43 ;1;; CHF 77.43 ;AJ;;;;;
;;Drucker;"Smart Tank 7305 (Tintentank; Farbe)";16725900;;1;; CHF -   ;AJ;;;;;
;;Drucker;"Smart Tank 7005 (Tintentank; Farbe)";16725901;;1;;;;;;;;
24.05.2024;Top 1000 Artikel;Elektrische Zahnbürste;DiamondClean 9000;13037848; CHF 160.22 ;1;; CHF 160.22 ;AJ;;;;;
24.05.2024;;Elektrische Zahnbürste;DiamondClean 9000;13037846; CHF 139.06 ;1;; CHF 139.06 ;AJ;;;;;
24.05.2024;;Elektrische Zahnbürste;iO 6 + Sensitive;21402074; CHF 90.70 ;1;; CHF 90.70 ;AJ;;;;;
24.05.2024;;Elektrische Zahnbürste;DiamondClean 9000;13037847; CHF 138.97 ;1;; CHF 138.97 ;AJ;;;;;
24.05.2024;;Elektrische Zahnbürste;9900 Prestige;15683264; CHF 189.25 ;1;; CHF 189.25 ;AJ;;;;;
;;Elektrische Zahnbürste;DiamondClean 9000 Doppelpack;13663591; CHF 171.74 ;1;; CHF 171.74 ;AJ;;;;;
24.05.2024;Top Galaxus;Etiketten;DK-11201;242555; CHF 6.36 ;1;; CHF 6.36 ;AJ;;;;;
24.05.2024;Top 1000 Artikel;Externe Festplatte;Elements;12344745; CHF 84.00 ;1;; CHF 84.00 ;AJ;;;;;
24.05.2024;Top 1000 Artikel;Externe Festplatte;My Book;5942034; CHF 140.75 ;1;; CHF 140.75 ;AJ;;;;;
24.05.2024;;Externe Festplatte;Elements (4 TB);6966116; CHF 71.63 ;1;; CHF 71.63 ;AJ;;;;;
24.05.2024;;Externe Festplatte;Elements (1 TB);448764; CHF 42.55 ;1;; CHF 42.55 ;AJ;;;;;
24.05.2024;;Externe Festplatte;Elements (2 TB);448766; CHF 52.38 ;1;; CHF 52.38 ;AJ;;;;;
24.05.2024;;Externe Festplatte;Elements (5 TB);12344745; CHF 82.01 ;1;; CHF 82.01 ;AJ;;;;;
24.05.2024;;Externe Festplatte;My Passport (5 TB);11743611; CHF 88.95 ;1;; CHF 88.95 ;AJ;;;;;
24.05.2024;;Externe Festplatte;My Passport (2 TB);11743643; CHF 55.60 ;1;; CHF 55.60 ;AJ;;;;;
24.05.2024;;Externe Festplatte;Basic (5 TB);12935374; CHF 78.96 ;1;; CHF 78.96 ;AJ;;;;;
24.05.2024;;Externe Festplatte;Rugged USB-C (2 TB);6150536; CHF 89.30 ;1;; CHF 89.30 ;AJ;;;;;
24.05.2024;;Externe Festplatte;Rugged USB-C (5 TB);10146209; CHF 147.50 ;1;; CHF 147.50 ;AJ;;;;;
24.05.2024;;Externe Festplatte;Rugged USB-C (4 TB);5940022; CHF 131.99 ;1;; CHF 131.99 ;AJ;;;;;
24.05.2024;;Externe Festplatte;Mobile Drive (2 TB);21965017; CHF 74.70 ;1;; CHF 74.70 ;AJ;;;;;
;;Externe Festplatte;Canvio Basics (2 TB);23907241; CHF 51.91 ;1;; CHF 51.91 ;AJ;;;;;
;;Externe Festplatte;My Passport - for Mac (2 TB) ;11743800; CHF 68.37 ;1;; CHF 68.37 ;AJ;;;;;
;;Externe Festplatte;Rugged USB-C (1 TB);6078794; CHF 66.84 ;1;; CHF 66.84 ;AJ;;;;;
24.05.2024;;Externe SSD;Portable T7 Titan Grey (1000 GB);13199902; CHF 75.13 ;1;; CHF 75.13 ;AJ;;;;;
24.05.2024;;Externe SSD;Extreme Portable (1000 GB);13953055; CHF 92.35 ;1;; CHF 92.35 ;AJ;;;;;
24.05.2024;;Externe SSD;Extreme Portable (500 GB);13951674; CHF 66.95 ;1;; CHF 66.95 ;AJ;;;;;
24.05.2024;;Externe SSD;Portable T7 Titan Grey (2000 GB);13199903; CHF 119.77 ;1;; CHF 119.77 ;AJ;;;;;
24.05.2024;;Externe SSD;Portable T7 Blue (1000 GB);13199904; CHF 75.02 ;1;; CHF 75.02 ;AJ;;;;;
24.05.2024;;Externe SSD;Portable T7 Blue (2000 GB);13199905; CHF 120.86 ;1;; CHF 120.86 ;AJ;;;;;
24.05.2024;;Externe SSD;T7 Shield (4000 GB);23938521; CHF 254.74 ;1;; CHF 254.74 ;AJ;;;;;
24.05.2024;;Externe SSD;Extreme Portable (2000 GB);13953125; CHF 138.03 ;1;; CHF 138.03 ;AJ;;;;;
24.05.2024;;Externe SSD;Extreme PRO Portable (1000 GB);13953492; CHF 135.31 ;1;; CHF 135.31 ;AJ;;;;;
;;Externe SSD;Portable SSD V2 (1000 GB);36095616; CHF 57.26 ;1;; CHF 57.26 ;AJ;;;;;
;;Externe SSD;Extreme Portable (4000 GB);14594598; CHF 207.29 ;1;; CHF 207.29 ;AJ;;;;;
;;Externe SSD;T7 Shield (2000 GB);18863765; CHF 126.14 ;1;; CHF 126.14 ;AJ;;;;;
;;Externe SSD;Extreme PRO Portable (2000 GB);13953525; CHF 169.47 ;1;; CHF 169.47 ;AJ;;;;;
;;Externe SSD;Portable SSD V2 (2000 GB);36095613; CHF 105.47 ;1;; CHF 105.47 ;AJ;;;;;
;;Externe SSD;T7 Shield (1000 GB);18863890; CHF 77.16 ;1;; CHF 77.16 ;AJ;;;;;
24.05.2024;Top 1000 Artikel;Festplatte;IronWolf;11697489; CHF 255.24 ;1;; CHF 255.24 ;AJ;;;;;
24.05.2024;Top 1000 Artikel;Festplatte;IronWolf;12243540; CHF 184.92 ;2;; CHF 369.84 ;AJ;;;;;
24.05.2024;Top 1000 Artikel;Festplatte;Red Plus 2021;14726157; CHF 271.02 ;1;; CHF 271.02 ;AJ;;;;;
24.05.2024;Top 1000 Artikel;Festplatte;BarraCuda;10376097; CHF 136.62 ;1;; CHF 136.62 ;AJ;;;;;
24.05.2024;;Festplatte;"Exos X20 (20 TB; 3.5""; CMR)";17795518; CHF 257.92 ;1;; CHF 257.92 ;AJ;;;;;
24.05.2024;;Festplatte;"IronWolf (4 TB; 3.5""; CMR)";18761453; CHF 70.35 ;2;; CHF 140.70 ;AJ;;;;;
24.05.2024;;Festplatte;"IronWolf Pro High WRL (16 TB; 3.5""; CMR)";21950866; CHF 288.27 ;1;; CHF 288.27 ;AJ;;;;;
24.05.2024;;Festplatte;"Red Plus (6 TB; 3.5""; CMR)";22886687; CHF 118.99 ;2;; CHF 237.98 ;AJ;;;;;
24.05.2024;;Festplatte;"Red Plus (4 TB; 3.5""; CMR)";22886688; CHF 75.94 ;2;; CHF 151.88 ;AJ;;;;;
;;Festplatte;"BarraCuda (2 TB; 3.5""; SMR)";9302108; CHF 42.92 ;2;; CHF 85.84 ;AJ;;;;;
;;Festplatte;"Red Plus (2 TB; 3.5""; CMR)";32969145; CHF 69.67 ;2;; CHF 139.34 ;AJ;;;;;
24.05.2024;Top Galaxus;Fotopapier;"RP-108 (120 g/m²; Foto (10x15cm); 108 x)";5839748; CHF 19.01 ;2;; CHF 38.03 ;AJ;;;;;
24.05.2024;Top Galaxus;Fotopapier;"KP-108IN (Foto (10x15cm); 108 x)";212339; CHF 19.51 ;2;; CHF 39.03 ;AJ;;;;;
24.05.2024;;Föhn;Swiss Perfection Typ 440;395198; CHF 52.70 ;1;; CHF 52.70 ;AJ;;;;;
24.05.2024;;Föhn;HC 50;5662699; CHF 20.99 ;1;; CHF 20.99 ;AJ;;;;;
;;Föhn;Swift Special Haartrockner;25126708; CHF 95.04 ;1;; CHF 95.04 ;AJ;;;;;
24.05.2024;Top 1000 Artikel;Game;Mario Kart 8 Deluxe;15621090; CHF 41.15 ;1;; CHF 41.15 ;AJ;;;;;
24.05.2024;;Game;"Minecraft (Switch; Multilingual)";15621283; CHF 20.56 ;1;; CHF 20.56 ;AJ;;;;;
24.05.2024;;Game;"Switch Sports (Switch; DE)";18954019; CHF 32.78 ;2;; CHF 65.56 ;AJ;;;;;
24.05.2024;;Game;"Animal Crossing: New Horizons (Switch; Multilingual)";15621693; CHF 39.26 ;1;; CHF 39.26 ;AJ;;;;;
24.05.2024;;Game;"Animal Crossing: New Horizons (Switch; Multilingual)";15621693; CHF 39.26 ;1;; CHF 39.26 ;AJ;;;;;
24.05.2024;;Game;"Super Smash Bros. Ultimate (Switch; Multilingual)";15621299; CHF 44.67 ;1;; CHF 44.67 ;AJ;;;;;
20.09.2024;;Game;"NHL 24 (PS5; IT; FR; DE)";37522441; CHF 52.00 ;1;; CHF 52.00 ;AJ;;;;;
;;Game;"The Legend of Zelda: Tears of the Kingdom (Switch; FR; IT; DE; EN)";24136833; CHF 43.19 ;1;; CHF 43.19 ;AJ;;;;;
;;Game;"It Takes Two (Switch; FR; IT; DE)";22210925;;1;; CHF -   ;AJ;;;;;
;;Game;"Super Mario Odyssey (Switch; Multilingual)";15621298; CHF 37.50 ;1;; CHF 37.50 ;AJ;;;;;
24.05.2024;Top 1000 Artikel;Gaming Controller;Xbox Wireless Controller Elite;11229514; CHF 116.57 ;2;; CHF 233.14 ;AJ;;;;;
24.05.2024;;Gaming Controller;Joy-Con Set Lila/Orange (Switch);11767722; CHF 55.55 ;2;; CHF 111.10 ;AJ;;;;;
24.05.2024;;Gaming Controller;Joy-Con Set Blue/Red (Switch);6072022; CHF 64.36 ;2;; CHF 128.72 ;AJ;;;;;
24.05.2024;;Gaming Controller;Joy-Con Lenkrad Paar (Switch);6081312; CHF 10.70 ;1;; CHF 10.70 ;AJ;;;;;
24.05.2024;;Gaming Controller;DualSense Wireless-Controller (PS5);13427533; CHF 49.94 ;3;; CHF 149.82 ;AJ;;;;;
24.05.2024;;Gaming Controller;DualSense Wireless-Controller - Midnight Black (PS5);15838033; CHF 60.87 ;2;; CHF 121.74 ;AJ;;;;;
24.05.2024;;Gaming Controller;Switch Pro Controller (Switch);6071777; CHF 50.38 ;2;; CHF 100.76 ;AJ;;;;;
24.05.2024;;Gaming Controller;"Xbox Wireless Controller - Carbon Black (Xbox Series X; Xbox One X; PC; Xbox One S; Xbox Series S)";13798709; CHF 39.27 ;2;; CHF 78.54 ;AJ;;;;;
24.05.2024;;Gaming Controller;"DualSense Wireless-Controller - Starlight Blue (Playstation; PS5)";17840632; CHF 57.06 ;2;; CHF 114.12 ;AJ;;;;;
24.05.2024;;Gaming Controller;"Xbox Wireless Controller - Robot White (Xbox One X; Xbox Series X; PC; Xbox One S; Xbox Series S)";13798832; CHF 38.52 ;2;; CHF 77.04 ;AJ;;;;;
24.05.2024;;Gaming Controller Zubehör;DualSense-Ladestation (PS5);13427633; CHF 20.47 ;2;; CHF 40.94 ;AJ;;;;;
24.05.2024;;Gaming Controller Zubehör;Quad Charging Station (Switch);13273075; CHF 11.44 ;1;; CHF 11.44 ;AJ;;;;;
24.05.2024;;Gaming Controller Zubehör;Joy-Con Comfort Grip (Switch);6088237; CHF 6.34 ;1;; CHF 6.34 ;AJ;;;;;
24.05.2024;;Gaming Controller Zubehör;"Xbox Play & Charge Kit [USB-C] (Xbox One S; Xbox Series S; Xbox Series X; Xbox One X)";13821461; CHF 14.86 ;1;; CHF 14.86 ;AJ;;;;;
24.05.2024;;Gaming Controller Zubehör;Joy-Con Charging Dock (Switch);6088235; CHF 16.58 ;1;; CHF 16.58 ;AJ;;;;;
24.05.2024;;Gaming Controller Zubehör;Joy-Con-Aufladehalterung (Switch);6072038; CHF 21.29 ;1;; CHF 21.29 ;AJ;;;;;
24.05.2024;;Gaming Controller Zubehör;Joy-Con Set Blue/Yellow (Switch);11766384; CHF 59.33 ;2;; CHF 118.66 ;AJ;;;;;
24.05.2024;;Gaming Controller Zubehör;Joy-Con Set Green/Pink (Switch);6375425; CHF 54.10 ;2;; CHF 108.20 ;AJ;;;;;
24.05.2024;Top 1000 Artikel;Gaming Headset;Pro X Lightspeed;13489068; CHF 150.97 ;1;; CHF 150.97 ;AJ;;;;;
24.05.2024;;Gaming Headset;Pulse 3D;16655414; CHF 80.13 ;1;; CHF 80.13 ;AJ;;;;;
24.05.2024;;Gaming Headset;G435 Lightspeed;16648599; CHF 49.08 ;1;; CHF 49.08 ;AJ;;;;;
24.05.2024;;Gaming Headset;PULSE-3D-Wireless-Headset;13427548; CHF 66.00 ;1;; CHF 66.00 ;AJ;;;;;
24.05.2024;;Gaming Headset;A50;11591770; CHF 207.59 ;1;; CHF 207.59 ;AJ;;;;;
24.05.2024;;Gaming Headset;Arctis Nova Pro Wireless;20796801; CHF 230.26 ;1;; CHF 230.26 ;AJ;;;;;
24.05.2024;;Gaming Headset;Barracuda X [2022];21035538; CHF 71.08 ;1;; CHF 71.08 ;AJ;;;;;
24.05.2024;;Gaming Headset;Pro X;11492508; CHF 73.88 ;1;; CHF 73.88 ;AJ;;;;;
24.05.2024;;Gaming Headset;Cloud II;3517141; CHF 54.14 ;1;; CHF 54.14 ;AJ;;;;;
24.05.2024;;Gaming Headset;G733 Lightspeed;13687799; CHF 95.61 ;1;; CHF 95.61 ;AJ;;;;;
24.05.2024;;Gaming Headset;Cloud Alpha;20761614; CHF 129.46 ;1;; CHF 129.46 ;AJ;;;;;
;;Gaming Headset;Blackshark V2 X (Kabelgebunden);13638042; CHF 32.06 ;1;; CHF 32.06 ;AJ;;;;;
;;Gaming Headset;Cloud Alpha Pro (Kabelgebunden);7513881; CHF 44.50 ;1;; CHF 44.50 ;AJ;;;;;
;;Gaming Headset;"Pro X 2 Lightspeed (Kabelgebunden; Kabellos)";35835163; CHF 167.69 ;1;; CHF 167.69 ;AJ;;;;;
;;Gaming Headset;HS80 (Wireless) (Kabellos) ;16387587; CHF 91.29 ;1;; CHF 91.29 ;AJ;;;;;
24.05.2024;Top Galaxus;Gesellschaftsspiel;Frantic;5836339; CHF 10.98 ;1;; CHF 10.98 ;AJ;;;;;
24.05.2024;Top Galaxus;Gesellschaftsspiel;UNO;312379; CHF 5.51 ;1;; CHF 5.51 ;AJ;;;;;
24.05.2024;;Gesellschaftsspiel;Uno Flip;10306920; CHF 8.66 ;1;; CHF 8.66 ;AJ;;;;;
24.05.2024;;Gesellschaftsspiel;"Jenga Classic (Französisch; Italienisch; Deutsch)";2476929; CHF 11.83 ;1;; CHF 11.83 ;AJ;;;;;
24.05.2024;;Gesellschaftsspiel;"Kampf gegen Das Bünzlitum (Deutsch; Schweizerdeutsch)";6489350; CHF 25.14 ;1;; CHF 25.14 ;AJ;;;;;
24.05.2024;;Gimbal;"RS 3 Pro Combo (Spiegelreflexkamera; Systemkamera; 4.50 kg)";21194240; CHF 810.71 ;1;; CHF 810.71 ;AJ;;;;;
24.05.2024;;Gimbal;"Osmo Mobile 7 (Smartphone; 0.30 kg)";54248585; CHF 71.54 ;1;; CHF 71.54 ;AJ;;;;;
24.05.2024;;Grafikkarte;GeForce RTX 3060 Gaming OC LHR (12 GB);16054338; CHF 320.63 ;1;; CHF 320.63 ;AJ;;;;;
24.05.2024;;Grafikkarte;Radeon RX 7900 XTX Pulse (24 GB);23599749; CHF 966.68 ;1;; CHF 966.68 ;AJ;;;;;
;;Grafikkarte;GeForce RTX 3060 Ventus 2X 12G OC (12 GB);14897856; CHF 240.57 ;1;; CHF 240.57 ;AJ;;;;;
;;Grafikkarte;Pulse Radeon RX 7800 XT Gaming OC (16 GB) ;37885302; CHF 421.39 ;1;; CHF 421.39 ;AJ;;;;;
;;Grafikkarte;GeForce RTX 3060 (12 GB);21053472; CHF 239.68 ;1;; CHF 239.68 ;AJ;;;;;
;;Grafikkarte;GeForce RTX 4060 Ti VENTUS 2X (16 GB);37123852; CHF 372.03 ;1;; CHF 372.03 ;AJ;;;;;
;;Grafikkarte;Radeon RX 7800 XT GAMING OC (16 GB);37860841; CHF 416.54 ;1;; CHF 416.54 ;AJ;;;;;
24.05.2024;Top 1000 Artikel;Grillthermometer;Smarter Fleisch-Thermometer Plus;12283923; CHF 84.29 ;1;; CHF 84.29 ;AJ;;;;;
24.05.2024;;Haarentfernung Zubehör;Series 3 (Scherkopf);8798847; CHF 11.79 ;1;; CHF 11.79 ;AJ;;;;;
24.05.2024;;Haarentfernung Zubehör;Kombipack 94M (Scherkopf);16387502; CHF 33.20 ;1;; CHF 33.20 ;AJ;;;;;
24.05.2024;;Haarentfernung Zubehör;Series 7 Ersatzscherkopf 70S (Scherkopf);218274; CHF 21.37 ;1;; CHF 21.37 ;AJ;;;;;
24.05.2024;;Kaffeevollautomat;PrimaDonna Soul;13933591; CHF 703.98 ;1;; CHF 703.98 ;AJ;;;;;
24.05.2024;;Kaffeevollautomat;Magnifica S;289510; CHF 261.60 ;1;; CHF 261.60 ;AJ;;;;;
;;Kaffeevollautomat;Finessa ;5776111; CHF 213.85 ;1;; CHF 213.85 ;AJ;;;;;
;;Kaffeevollautomat;3300 Series EP3347/90;37661653; CHF 344.37 ;1;; CHF 344.37 ;AJ;;;;;
24.05.2024;Top 1000 Artikel;Kamera;Alpha 7S III Body;13460822;" CHF 3;481.34 ";1;;" CHF 3;481.34 ";AJ;;;;;
24.05.2024;Top 1000 Artikel;Kamera;EOS R5 Body;13410067;" CHF 3;891.92 ";1;;" CHF 3;891.92 ";AJ;;;;;
24.05.2024;;Kamera;Alpha 7 III Kit (28-70mm;7950797;" CHF 1;994.57 ";1;;" CHF 1;994.57 ";AJ;;;;;
24.05.2024;;Kamera;"Alpha 7 IV (33 Mpx; Vollformat)";17071964;" CHF 2;146.99 ";1;;" CHF 2;146.99 ";AJ;;;;;
24.05.2024;;Kamera;"EOS 2000D (18 - 55 mm; 24.10 Mpx; APS-C / DX)";7938933; CHF 327.09 ;1;; CHF 327.09 ;AJ;;;;;
24.05.2024;;Kamera;DC5200 (21 Mpx);14919336; CHF 38.26 ;1;; CHF 38.26 ;AJ;;;;;
24.05.2024;;Kamera;"Alpha ZV-E10L (16 - 50 mm; 24 Mpx; APS-C / DX)";16312439; CHF 659.27 ;1;; CHF 659.27 ;AJ;;;;;
24.05.2024;;Kamera;"Alpha 6400 (16 - 50 mm; 24.20 Mpx; APS-C / DX)";10328244; CHF 952.41 ;1;; CHF 952.41 ;AJ;;;;;
;;Kamera;DC5200 (21 Mpx);12560933; CHF 41.47 ;1;; CHF 41.47 ;AJ;;;;;
;;Kamera;"Tough TG-7 (25 - 100 mm; 12 Mpx; 1/2;3'')";38605810; CHF 412.99 ;1;; CHF 412.99 ;AJ;;;;;
24.05.2024;;Kapselmaschine;Citiz (NESPRESSO Original);6147854; CHF 92.20 ;1;; CHF 92.20 ;AJ;;;;;
;;Kapselmaschine;Inissia (NESPRESSO Original);6148321; CHF 59.73 ;1;; CHF 59.73 ;AJ;;;;;
;;Kapselmaschine;Lattissima One (NESPRESSO Original);15835061; CHF 151.18 ;1;; CHF 151.18 ;AJ;;;;;
24.05.2024;Top Galaxus;Kennzeichenhalter;"MB-Klick (Front + Heck; Rechteckig)";13808235; CHF 9.90 ;2;; CHF 19.80 ;AJ;;;;;
24.05.2024;;Kennzeichenhalter;"Wechselnummernrahmenhalter (Front + Heck; Langformat)";2745597; CHF 24.08 ;1;; CHF 24.08 ;AJ;;;;;
24.05.2024;Top 1000 Artikel;Kopfhörer;WH-1000XM4;13366514; CHF 222.71 ;3;; CHF 668.13 ;AJ;;;;;
24.05.2024;Top 1000 Artikel;Kopfhörer;"EarPods (0 h; Kabelgebunden)";6185119; CHF 8.04 ;3;; CHF 24.13 ;AJ;;;;;
24.05.2024;;Kopfhörer;"Elite 7 Active (ANC; 8 h; Kabellos)";16767621; CHF 128.69 ;1;; CHF 128.69 ;AJ;;;;;
24.05.2024;;Kopfhörer;"Fit Pro (ANC; 6 h; Kabellos)";18386484; CHF 125.50 ;2;; CHF 251.00 ;AJ;;;;;
24.05.2024;;Kopfhörer;"Go Air Pop (8 h; Kabellos)";17516084; CHF 14.11 ;2;; CHF 28.22 ;AJ;;;;;
24.05.2024;;Kopfhörer;"OpenRun Pro (10 h; Kabellos)";18766295; CHF 119.09 ;1;; CHF 119.09 ;AJ;;;;;
24.05.2024;;Kopfhörer;"Go Air Sport (8 h; Kabellos)";20929820; CHF 18.51 ;2;; CHF 37.02 ;AJ;;;;;
24.05.2024;;Kopfhörer;"WF-C500 (10 h; Kabellos)";16698578; CHF 38.06 ;1;; CHF 38.06 ;AJ;;;;;
24.05.2024;;Kopfhörer;"Linkbuds S (ANC; 6 h; Kabellos)";20761676; CHF 117.57 ;1;; CHF 117.57 ;AJ;;;;;
24.05.2024;;Kopfhörer;"AirPods (3rd Gen.) MagSafe Case (6 h; Kabellos)";17080520; CHF 146.64 ;5;; CHF 733.20 ;AJ;;;;;
24.05.2024;;Kopfhörer;"Galaxy Buds2 Pro (ANC; 5 h; Kabellos)";21618879; CHF 136.32 ;1;; CHF 136.32 ;AJ;;;;;
24.05.2024;;Kopfhörer;"Pixel Buds Pro (ANC; 7 h; Kabellos)";21598756; CHF 145.50 ;1;; CHF 145.50 ;AJ;;;;;
24.05.2024;;Kopfhörer;"EarPods (0 h; Kabelgebunden)";5897211; CHF 12.43 ;3;; CHF 37.29 ;AJ;;;;;
24.05.2024;;Kopfhörer;"AirPods (2nd Gen.) Charging Case (5 h; Kabellos)";10802238; CHF 108.08 ;5;; CHF 540.40 ;AJ;;;;;
24.05.2024;;Kopfhörer;"AirPods (3rd Gen.) Lightning Case (6 h; Kabellos)";21998094; CHF 142.98 ;5;; CHF 714.90 ;AJ;;;;;
24.05.2024;;Kopfhörer;"WH-1000XM5 (ANC; 30 h; Kabelgebunden; Kabellos)";20761668; CHF 269.30 ;3;; CHF 807.90 ;AJ;;;;;
24.05.2024;;Kopfhörer;"WH-1000XM5 (ANC; 30 h; Kabellos)";20761669; CHF 278.92 ;1;; CHF 278.92 ;AJ;;;;;
20.09.2024;;Kopfhörer;"Pixel Buds Pro (ANC; 20 h; Kabellos)";22614213; CHF 129.02 ;1;; CHF 129.02 ;AJ;;;;;
20.09.2024;;Kopfhörer;"WF-1000XM5 (ANC; 6 h; Kabellos)";36157145; CHF 211.19 ;1;; CHF 211.19 ;AJ;;;;;
20.09.2024;;Kopfhörer;"Ear (2) (ANC; 4 h; Kabellos)";24596246; CHF 90.85 ;1;; CHF 90.85 ;AJ;;;;;
20.09.2024;;Kopfhörer;"AirPods Pro (2nd Gen.) MagSafe USB-C (ANC; 6 h; Kabellos)";38610474; CHF 200.25 ;1;; CHF 200.25 ;AJ;;;;;
;;Kopfhörer;USB Type-C EO-IC100 (Kabelgebunden);12697551; CHF 9.42 ;2;; CHF 18.84 ;AJ;;;;;
;;Kopfhörer;"Galaxy Buds FE (ANC; 3.50 h; Kabellos)";39171977; CHF 57.72 ;1;; CHF 57.72 ;AJ;;;;;
;;Kopfhörer;"WH-CH720N (NC; 35 h; Kabellos)";24182707; CHF 73.03 ;1;; CHF 73.03 ;AJ;;;;;
;;Kopfhörer;"Redmi Buds 4 Active (NC; 28 h; Kabellos)";36738401; CHF 13.25 ;1;; CHF 13.25 ;AJ;;;;;
;;Kopfhörer;"Elite 8 Active (ANC; 8 h; Kabellos) ";37282797; CHF 113.92 ;1;; CHF 113.92 ;AJ;;;;;
;;Kopfhörer;"AirPods Max 2024 (ANC; 20 h; Kabellos)";49221290; CHF 401.61 ;1;; CHF 401.61 ;AJ;;;;;
;;Kopfhörer;"AirPods Max 2024 (ANC; 20 h; Kabellos)";49221291; CHF 401.77 ;1;; CHF 401.77 ;AJ;;;;;
;;Kopfhörer;"AirPods Max 2024 (ANC; 20 h; Kabellos)";49221292; CHF 401.60 ;1;; CHF 401.60 ;AJ;;;;;
;;Kopfhörer;"AirPods Max 2024 (ANC; 20 h; Kabellos)";49221293; CHF 401.66 ;1;; CHF 401.66 ;AJ;;;;;
;;Kopfhörer;"AirPods 4 (ANC; 4 h; Kabellos)";49221298; CHF 144.55 ;5;; CHF 722.75 ;AJ;;;;;
;;Kopfhörer;"AirPods 4 (keine Geräuschunterdrückung; 5 h; Kabellos)";49221297; CHF 103.83 ;5;; CHF 519.15 ;AJ;;;;;
;;Kopfhörer;" Ace (ANC; 30 h; Kabellos)";45373116;;1;; CHF -   ;AJ;;;;;
24.05.2024;Top 1000 Artikel;Kopierpapier;Plano Speed;14756490; CHF 12.20 ;1;; CHF 12.20 ;AJ;;;;;
24.05.2024;;Küchenmaschine;MUM5XW20 (1000 W);12932747; CHF 218.04 ;1;; CHF 218.04 ;AJ;;;;;
24.05.2024;;Küchenmaschine;Artisan KSM175 (300 W);6075969; CHF 468.88 ;1;; CHF 468.88 ;AJ;;;;;
24.05.2024;;Küchenmaschine;Titanium Chef Baker (1200 W);16521856; CHF 364.64 ;1;; CHF 364.64 ;AJ;;;;;
24.05.2024;;Küchenwaage;KS 19;726577; CHF 8.61 ;1;; CHF 8.61 ;AJ;;;;;
24.05.2024;;Küchenwaage;Digitale Backwaage;5882871; CHF 17.51 ;1;; CHF 17.51 ;AJ;;;;;
24.05.2024;Top 1000 Artikel;LED Streifen;Hue Lightstrips Basis BT;13274601; CHF 60.20 ;4;; CHF 240.78 ;AJ;;;;;
24.05.2024;Top 1000 Artikel;LED Streifen;Hue Lightstrips BT Erweiterung;13274726; CHF 22.80 ;4;; CHF 91.20 ;AJ;;;;;
24.05.2024;;LED Streifen;"Hue Gradient Ambiance Basis (Mehrfarbig; 200 cm)";16467480; CHF 93.75 ;1;; CHF 93.75 ;AJ;;;;;
24.05.2024;;Leuchtmittel;"Hue White & Color BT (E14; 5.30 W; 470 lm; 2 x)";13655120; CHF 66.86 ;1;; CHF 66.86 ;AJ;;;;;
24.05.2024;;Leuchtmittel;"Hue White Ambiance BT (E14; 5.20 W; 470 lm; 2 x)";13655122; CHF 29.57 ;1;; CHF 29.57 ;AJ;;;;;
24.05.2024;Top 1000 Artikel;Luftbefeuchter;Series 2000;6184646; CHF 84.38 ;1;; CHF 84.38 ;AJ;;;;;
24.05.2024;;Luftbefeuchter;Smart Humidifier 2;22851555; CHF 41.68 ;1;; CHF 41.68 ;AJ;;;;;
24.05.2024;;Luftbefeuchter;Oskar (50 m²);217655; CHF 93.67 ;1;; CHF 93.67 ;AJ;;;;;
24.05.2024;;Luftbefeuchter;Oskar little (30 m²);5606718; CHF 68.99 ;1;; CHF 68.99 ;AJ;;;;;
24.05.2024;Top 1000 Artikel;Luftbehandlung Zubehör;Verdunsterkassetten;362480; CHF 18.48 ;1;; CHF 18.48 ;AJ;;;;;
24.05.2024;Top 1000 Artikel;Luftbehandlung Zubehör;Filtermatte für Luftbefeuchter;12103085; CHF 11.34 ;2;; CHF 22.68 ;AJ;;;;;
24.05.2024;;Luftbehandlung Zubehör;Oskar / Karl Filter (2-er Pack);362478; CHF 10.87 ;1;; CHF 10.87 ;AJ;;;;;
24.05.2024;;Luftbehandlung Zubehör;Antikalkkartusche;289226; CHF 10.87 ;1;; CHF 10.87 ;AJ;;;;;
24.05.2024;;Luftreiniger;Mi Air Purifier 4 (48 m²);19112333; CHF 121.30 ;1;; CHF 121.30 ;AJ;;;;;
24.05.2024;;Luftreiniger;Series 800 (49 m²);12291966; CHF 93.98 ;1;; CHF 93.98 ;AJ;;;;;
24.05.2024;;Mainboard;"ROG STRIX B550-A GAMING (AM4; AMD B550; ATX)";14037206; CHF 107.19 ;1;; CHF 107.19 ;AJ;;;;;
24.05.2024;;Mainboard;"Z790 AORUS ELITE AX (LGA 1700; Intel Z790; ATX)";22542267; CHF 230.29 ;1;; CHF 230.29 ;AJ;;;;;
24.05.2024;;Mainboard;"ROG Strix Z790-E Gaming Wifi (LGA 1700; Intel Z790; ATX)";22513983; CHF 428.61 ;1;; CHF 428.61 ;AJ;;;;;
24.05.2024;;Mainboard;"Prime Z790-P (LGA 1700; Intel Z790; ATX)";22514027; CHF 195.54 ;1;; CHF 195.54 ;AJ;;;;;
;;Mainboard;"ROG Strix B650-A Gaming Wifi (AM5; AMD B650; ATX)";22605346; CHF 178.53 ;1;; CHF 178.53 ;AJ;;;;;
;;Mainboard;"ROG Strix B550-F Gaming Wifi II (AM4; AMD B550; ATX)";17442536; CHF 122.18 ;1;; CHF 122.18 ;AJ;;;;;
;;Mainboard;"MAG Z790 TOMAHAWK WIFI (LGA 1700; Intel Z790; ATX)";22726088; CHF 189.17 ;1;; CHF 189.17 ;AJ;;;;;
;;Mainboard;"PRIME B450M-A II (AM4; AMD B450; mATX)";13984513; CHF 42.67 ;1;; CHF 42.67 ;AJ;;;;;
24.05.2024;;Maus;G502 X Plus (Kabellos);21922783; CHF 100.42 ;1;; CHF 100.42 ;AJ;;;;;
24.05.2024;;Maus;M220 Silent (Kabellos);5888896; CHF 11.27 ;1;; CHF 11.27 ;AJ;;;;;
24.05.2024;;Maus;G502 Hero (Kabelgebunden);9621054; CHF 36.47 ;1;; CHF 36.47 ;AJ;;;;;
24.05.2024;;Maus;Marathon M705 (Kabellos);14153870; CHF 20.55 ;3;; CHF 61.65 ;AJ;;;;;
24.05.2024;;Maus;Basilisk V3 Pro (Kabellos);21880481; CHF 88.01 ;1;; CHF 88.01 ;AJ;;;;;
24.05.2024;;Maus;M330 Silent Plus (Kabellos);5890966; CHF 20.18 ;1;; CHF 20.18 ;AJ;;;;;
24.05.2024;;Maus;M500s (Kabelgebunden);13878565; CHF 21.54 ;1;; CHF 21.54 ;AJ;;;;;
24.05.2024;;Maus;M720 Triathlon (Kabellos);5891309; CHF 35.56 ;1;; CHF 35.56 ;AJ;;;;;
24.05.2024;;Maus;Model O (Kabellos);14459812; CHF 55.93 ;1;; CHF 55.93 ;AJ;;;;;
24.05.2024;;Maus;B100 (Kabelgebunden);767727; CHF 4.83 ;3;; CHF 14.49 ;AJ;;;;;
24.05.2024;;Maus;M280 (Kabellos);5751445; CHF 15.42 ;1;; CHF 15.42 ;AJ;;;;;
24.05.2024;;Maus;MX Master 3S (Kabellos);20987854; CHF 73.21 ;3;; CHF 219.63 ;AJ;;;;;
24.05.2024;;Maus;Surface Arc (Kabellos);6421003; CHF 45.37 ;1;; CHF 45.37 ;AJ;;;;;
24.05.2024;;Maus;Magic Mouse 3;17438258; CHF 64.86 ;2;; CHF 129.71 ;AJ;;;;;
24.05.2024;Top 1000 Artikel;Maus;Pro X Superlight;14568207; CHF 92.03 ;1;; CHF 92.03 ;AJ;;;;;
;;Maus;Lift (Kabellos);20529490; CHF 43.98 ;1;; CHF 43.98 ;AJ;;;;;
;;Maus;Signature M650 L (Kabellos);18342917; CHF 27.59 ;1;; CHF 27.59 ;AJ;;;;;
;;Maus;MX Anywhere 3s (Kabellos);35791643; CHF 64.21 ;1;; CHF 64.21 ;AJ;;;;;
;;Maus;Magic Mouse 2022 (Kabellos);19822997; CHF 72.75 ;1;; CHF 72.75 ;AJ;;;;;
;;Maus;Signature M650 M (Kabellos);18210845; CHF 26.04 ;1;; CHF 26.04 ;AJ;;;;;
;;Maus;"M235 Maus; kabellos (Kabellos)";5751482; CHF 13.94 ;1;; CHF 13.94 ;AJ;;;;;
24.05.2024;Top 1000 Artikel;Mikrofon;Wireless GO II;14902131; CHF 227.29 ;1;; CHF 227.29 ;AJ;;;;;
24.05.2024;;Mikrofon;"NT-USB+ (Live; Interview / Vortrag; Karaoke; Videografie)";23129617; CHF 131.22 ;1;; CHF 131.22 ;AJ;;;;;
24.05.2024;;Mikrofon;"VideoMic GO II (Interview / Vortrag; Videografie)";18323292; CHF 75.85 ;1;; CHF 75.85 ;AJ;;;;;
24.05.2024;;Mikrofon;"Wave:3 (Podcasting; Allround; Studio; Broadcast)";13313875; CHF 111.59 ;1;; CHF 111.59 ;AJ;;;;;
24.05.2024;;Mikrofon;"NT-USB (Home-Studio; Podcasting)";3450705; CHF 123.09 ;1;; CHF 123.09 ;AJ;;;;;
24.05.2024;;Mikrofon;QuadCast (Broadcast);10714120; CHF 81.67 ;1;; CHF 81.67 ;AJ;;;;;
24.05.2024;Top 1000 Artikel;Mobilgerät Adapter;Kopfhöreranschluss Adapter;5897235; CHF 6.80 ;5;; CHF 34.00 ;AJ;;;;;
24.05.2024;Top 1000 Artikel;Mobilgerät Adapter;USB-C Audio-Adapter;11539722; CHF 6.12 ;2;; CHF 12.24 ;AJ;;;;;
24.05.2024;;Mobilgerät Adapter;"USB-C to USB-A Adaptor (USB Typ C; USB A)";21164284; CHF 4.36 ;2;; CHF 8.72 ;AJ;;;;;
24.05.2024;;Mobilgerät Adapter;USB-Adapter C to A;7042038; CHF 5.49 ;2;; CHF 10.98 ;AJ;;;;;
24.05.2024;;Mobilgerät Adapter;"Multiport (USB Typ C; USB Typ C; HDMI (Typ A); USB A)";12248451; CHF 54.48 ;1;; CHF 54.48 ;AJ;;;;;
24.05.2024;;Mobilgerät Adapter;"Lightning Digital AV Adapter (Lightning; Lightning; HDMI (Typ A))";375205; CHF 37.14 ;1;; CHF 37.14 ;AJ;;;;;
24.05.2024;;Mobilgerät Adapter;"Type-C male to USB (USB Typ C; USB A)";17739770; CHF 3.51 ;2;; CHF 7.02 ;AJ;;;;;
24.05.2024;;Monitor;"E24i G4 (1920 x 1200 Pixels; 24"")";14412277; CHF 151.29 ;2;; CHF 302.58 ;AJ;;;;;
24.05.2024;;Monitor;"TUF Gaming VG27AQ1A (2560 x 1440 Pixels; 27"")";13905007; CHF 221.64 ;1;; CHF 221.64 ;AJ;;;;;
;;Monitor;"273V7QDSB/00 (1920 x 1080 Pixel; 27"")";6337353; CHF 80.53 ;1;; CHF 80.53 ;AJ;;;;;
;;Monitor;"Essential S31C (1920 x 1080 Pixel; 24"")";24172708; CHF 69.24 ;2;; CHF 138.48 ;AJ;;;;;
;;Monitor;"ZenScreen MB166C (1920 x 1080 Pixel; 15.60"")";19213745; CHF 105.59 ;1;; CHF 105.59 ;AJ;;;;;
;;Monitor;"S39C (1920 x 1080 Pixel; 27"")";24123744; CHF 122.70 ;1;; CHF 122.70 ;AJ;;;;;
24.05.2024;;Multiroom System;"Era 300 (WLAN; Bluetooth; Airplay 2)";24496292; CHF 363.40 ;1;; CHF 363.40 ;AJ;;;;;
24.05.2024;;Multiroom System;"Era 300 (WLAN; Bluetooth; Airplay 2)";24494457; CHF 363.40 ;1;; CHF 363.40 ;AJ;;;;;
24.05.2024;;Multiroom System;"Era 100 (WLAN; Bluetooth; Airplay 2)";24496004; CHF 216.67 ;2;; CHF 433.34 ;AJ;;;;;
24.05.2024;;Multiroom System;"Era 100 (WLAN; Bluetooth; Airplay 2)";24496293; CHF 216.66 ;2;; CHF 433.32 ;AJ;;;;;
;;Multiroom System;"Beam Gen 2 (WLAN; Airplay 2) ";16685045; CHF 355.50 ;1;; CHF 355.50 ;AJ;;;;;
24.05.2024;Top 1000 Artikel;Netzwerkkabel;Ethernet Patch Cable RJ45;12118165; CHF 5.82 ;3;; CHF 17.45 ;AJ;;;;;
24.05.2024;Top 1000 Artikel;Netzwerkkabel;Ethernet Patch Cable RJ45;12118145; CHF 2.34 ;5;; CHF 11.68 ;AJ;;;;;
24.05.2024;Top 1000 Artikel;Netzwerkkabel;Ethernet Patch Cable RJ45;12118164; CHF 1.36 ;5;; CHF 6.80 ;AJ;;;;;
24.05.2024;Top 1000 Artikel;Netzwerkkabel;Ethernet Patch Cable RJ45;12118148; CHF 8.53 ;2;; CHF 17.06 ;AJ;;;;;
24.05.2024;Top 1000 Artikel;Netzwerkkabel;Ethernet Patch Cable RJ45;12118144; CHF 1.91 ;5;; CHF 9.56 ;AJ;;;;;
24.05.2024;Top 1000 Artikel;Netzwerkkabel;Ethernet Patch Cable RJ45;12118146; CHF 3.22 ;5;; CHF 16.08 ;AJ;;;;;
24.05.2024;Top 1000 Artikel;Netzwerkkabel;Ethernet Patch Cable RJ45;12118143; CHF 1.13 ;5;; CHF 5.66 ;AJ;;;;;
24.05.2024;Top 1000 Artikel;Netzwerkkabel;Ethernet Patch Cable RJ45;12118160; CHF 1.91 ;5;; CHF 9.57 ;AJ;;;;;
24.05.2024;Top 1000 Artikel;Netzwerkkabel;Ethernet Patch Cable RJ45;12118142; CHF 1.05 ;5;; CHF 5.23 ;AJ;;;;;
24.05.2024;Top 1000 Artikel;Netzwerkkabel;Ethernet Patch Cable RJ45;12118134; CHF 1.35 ;5;; CHF 6.76 ;AJ;;;;;
24.05.2024;Top 1000 Artikel;Netzwerkkabel;Ethernet Patch Cable RJ45;12118151; CHF 2.04 ;5;; CHF 10.22 ;AJ;;;;;
24.05.2024;Top 1000 Artikel;Netzwerkkabel;Ethernet Patch Cable RJ45;12118135; CHF 2.34 ;5;; CHF 11.69 ;AJ;;;;;
24.05.2024;Top 1000 Artikel;Netzwerkkabel;Ethernet Patch Cable RJ45;12118147; CHF 7.87 ;2;; CHF 15.74 ;AJ;;;;;
24.05.2024;Top 1000 Artikel;Netzwerkkabel;Ethernet Patch Cable RJ45;12118136; CHF 3.28 ;5;; CHF 16.42 ;AJ;;;;;
24.05.2024;Top 1000 Artikel;Netzwerkkabel;Ethernet Patch Cable RJ45;12118159; CHF 1.13 ;5;; CHF 5.65 ;AJ;;;;;
24.05.2024;Top 1000 Artikel;Netzwerkkabel;Ethernet Patch Cable RJ45;12118150; CHF 1.13 ;5;; CHF 5.65 ;AJ;;;;;
24.05.2024;Top 1000 Artikel;Netzwerkkabel;Ethernet Patch Cable RJ45;12118169; CHF 2.46 ;5;; CHF 12.32 ;AJ;;;;;
24.05.2024;Top 1000 Artikel;Netzwerkkabel;Ethernet Patch Cable RJ45;12118137; CHF 5.65 ;3;; CHF 16.94 ;AJ;;;;;
24.05.2024;Top 1000 Artikel;Netzwerkkabel;Ethernet Patch Cable RJ45;12118149; CHF 1.05 ;5;; CHF 5.24 ;AJ;;;;;
24.05.2024;Top 1000 Artikel;Netzwerkkabel;Ethernet Patch Cable RJ45;12118170; CHF 6.16 ;5;; CHF 30.78 ;AJ;;;;;
24.05.2024;Top 1000 Artikel;Netzwerkkabel;Ethernet-Patchkabel RJ45;12118146; CHF 3.41 ;5;; CHF 17.05 ;AJ;;;;;
24.05.2024;;Netzwerkkabel;"Netzwerkkabel (U/UTP; CAT6; 10 m)";13114772; CHF 3.28 ;2;; CHF 6.56 ;AJ;;;;;
24.05.2024;;Netzwerkkabel;"Netzwerkkabel (U/UTP; CAT6; 15 m)";13114773; CHF 3.10 ;2;; CHF 6.20 ;AJ;;;;;
24.05.2024;;Netzwerkkabel;"Ethernet-Patchkabel RJ45 (S/FTP; CAT6a; 15 m)";12118161; CHF 8.20 ;2;; CHF 16.40 ;AJ;;;;;
24.05.2024;;Netzwerkkabel;"Ethernet-Patchkabel RJ45 (S/FTP; CAT6a; 20 m)";12118162; CHF 10.27 ;2;; CHF 20.54 ;AJ;;;;;
24.05.2024;;Netzwerkkabel;"Ethernet-Patchkabel RJ45 (S/FTP; CAT6a; 0.30 m)";12118133; CHF 1.11 ;5;; CHF 5.55 ;AJ;;;;;
24.05.2024;;Netzwerkkamera;Tapo C210 (2304 x 1296 Pixels);15994257; CHF 29.05 ;2;; CHF 58.10 ;AJ;;;;;
24.05.2024;;Netzwerkkamera;Circle View (1920 x 1080 Pixels);13313705; CHF 101.21 ;1;; CHF 101.21 ;AJ;;;;;
24.05.2024;;Netzwerkkamera;Tapo C100 Home Security (1920 x 1080 Pixels);13145592; CHF 18.76 ;1;; CHF 18.76 ;AJ;;;;;
;;Netzwerkkamera;Smart Camera C300 (2304 x 1296 Pixels);22849743; CHF 29.19 ;1;; CHF 29.19 ;AJ;;;;;
;;Netzwerkkamera;C400 (2304 x 1296 Pixels);24114712; CHF 33.23 ;1;; CHF 33.23 ;AJ;;;;;
24.05.2024;;Netzwerkspeicher;DS1522+ (0 TB);21362470; CHF 586.56 ;1;; CHF 586.56 ;AJ;;;;;
24.05.2024;;Netzwerkspeicher;DS723+ (0 TB);23607432; CHF 393.98 ;1;; CHF 393.98 ;AJ;;;;;
24.05.2024;;Netzwerkspeicher;DS923+ (0 TB);23108534; CHF 484.91 ;1;; CHF 484.91 ;AJ;;;;;
;;Notebook ;"250 G10 (15.60""; Intel N200; 8 GB; 256 GB; CH)";36992521; CHF 380.73 ;1;; CHF 380.73 ;AJ;;;;;
;;Notebook ;"V15 Gen 4 (15.60""; AMD Ryzen 5 7520U; 16 GB; 512 GB; CH)";24122093; CHF 382.35 ;1;; CHF 382.35 ;AJ;;;;;
;;Notebook ;"V15 Gen 4 (15.60""; Intel Core i5-1335U; 16 GB; 512 GB; CH)";32990544; CHF 471.12 ;1;; CHF 471.12 ;AJ;;;;;
;;Notebook ;"V15 Gen 4 (15.60""; AMD Ryzen 3 7320U; 8 GB; 512 GB; CH)";24122196; CHF 283.55 ;1;; CHF 283.55 ;AJ;;;;;
;;Notebook ;"Pro x360 435 G10 (13.30""; AMD Ryzen 5 7530U; 16 GB; 512 GB; CH)";36992527; CHF 588.27 ;1;; CHF 588.27 ;AJ;;;;;
;;Notebook ;"ProBook 460 G11 (16""; Intel Core Ultra 7 155U; 32 GB; 1000 GB; CH)";46443765;;;;;;;;;;
;;Notebook ;"Vivobook S 16 OLED (16""; AMD Ryzen AI 9 HX 370; 32 GB; 1000 GB; CH)";46283153;;;;;;;;;;
;;Notebook ;"ThinkBook 16 Gen 7 (16""; Intel Core Ultra 7 155H; 32 GB; 1000 GB; CH)";43139738;;;;;;;;;;
;;Notebook ;"Envy x360 14-fa0632nz (14""; AMD Ryzen 7 8840HS; 16 GB; 512 GB; CH)";43708852;;;;;;;;;;
;;Notebook ;"ThinkPad E16 Gen 2 (16""; Intel Core Ultra 5 125U; 16 GB; 1000 GB; CH)";47076779;;;;;;;;;;
;;Notebook ;"EliteBook 660 G11 (16""; Intel Core Ultra 7 155U; 16 GB; 512 GB; CH)";45127253;;;;;;;;;;
;;Notebook ;"ThinkPad E14 Gen 6 (14""; AMD Ryzen 5 7535HS; 16 GB; 512 GB; CH)";47076846;;;;;;;;;;
24.05.2024;;Notebooktasche;"Perfect Skin (12.50""; Universal)";440660; CHF 10.57 ;1;; CHF 10.57 ;AJ;;;;;
24.05.2024;;Notebooktasche;"Versatile A13 (13.30""; Apple; Universal)";15331151; CHF 14.11 ;1;; CHF 14.11 ;AJ;;;;;
24.05.2024;;Notebooktasche;"Perfect Skin (17.30""; Universal)";5993252; CHF 12.75 ;1;; CHF 12.75 ;AJ;;;;;
24.05.2024;;Office Headset;Zone (Kabellos);13686100; CHF 144.57 ;1;; CHF 144.57 ;AJ;;;;;
24.05.2024;;Office Headset;Evolve2 65 MS (Kabellos);13190620; CHF 133.83 ;1;; CHF 133.83 ;AJ;;;;;
24.05.2024;;Office Headset;Evolve 65 Duo MS (Kabellos);6313658; CHF 143.70 ;1;; CHF 143.70 ;AJ;;;;;
24.05.2024;;Office Headset;Evolve 40 (Kabelgebunden);3230867; CHF 59.59 ;1;; CHF 59.59 ;AJ;;;;;
24.05.2024;;Office Headset;H390 (Kabelgebunden);268475; CHF 23.45 ;1;; CHF 23.45 ;AJ;;;;;
;;PC;"Mac Mini – 2024 (M4; 24 GB; 512 GB; Apple M4 10-Core)";52491969;;1;; CHF -   ;AJ;;;;;
;;PC;"Mac Mini – 2024 (M4; 16 GB; 512 GB; Apple M4 10-Core)";52491971;;1;;;;;;;;
24.05.2024;;PC Gehäuse;O11 Dynamic Mini (Mini Tower);14370983; CHF 86.36 ;1;; CHF 86.36 ;AJ;;;;;
24.05.2024;;PC Gehäuse;iCUE 4000X (Midi Tower);13793483; CHF 111.69 ;1;; CHF 111.69 ;AJ;;;;;
24.05.2024;;PC Gehäuse;"Pure Base 500 FX (ATX; mATX; Mini ITX)";21528555; CHF 111.85 ;1;; CHF 111.85 ;AJ;;;;;
24.05.2024;;PC Gehäuse;"PC-O11DX Dynamic (E-ATX; ATX; mATX)";8393857; CHF 115.67 ;1;; CHF 115.67 ;AJ;;;;;
24.05.2024;;PC Gehäuse;"Pure Base 500DX (ATX; mATX; Mini ITX)";13168983; CHF 87.48 ;1;; CHF 87.48 ;AJ;;;;;
24.05.2024;;PC Gehäuse;TG4 RGB (ATX);10913288; CHF 55.66 ;1;; CHF 55.66 ;AJ;;;;;
24.05.2024;;PC Gehäuse;"Pure Base 500 (ATX; mATX; Mini ITX)";11908097; CHF 63.21 ;1;; CHF 63.21 ;AJ;;;;;
;;PC Gehäuse;"MasterBoX Q300L (mATX; Mini ITX)";8261151; CHF 37.79 ;1;; CHF 37.79 ;AJ;;;;;
24.05.2024;;PC Lautsprecher;GigaWorks T40 Series II;213730; CHF 96.02 ;1;; CHF 96.02 ;AJ;;;;;
24.05.2024;;PC Lüfter;"UNI FAN SL-INF 120 (120 mm; 3 x)";21233128; CHF 75.01 ;1;; CHF 75.01 ;AJ;;;;;
24.05.2024;;PC Lüfter;"P12 PST Value Pack (120 mm; 5 x)";13177811; CHF 16.02 ;1;; CHF 16.02 ;AJ;;;;;
24.05.2024;;PC Lüfter;"NF-A12X25 PWM chromax.black.swap (120 mm; 1 x)";16827137; CHF 26.82 ;1;; CHF 26.82 ;AJ;;;;;
;;PC Lüfter;"Silent Wings 4 Pro PWM Lüfter (120 mm; 1 x)";21464810; CHF 20.95 ;1;; CHF 20.95 ;AJ;;;;;
24.05.2024;;PC Netzteil;RM1000X (1000 W);15626047; CHF 146.46 ;1;; CHF 146.46 ;AJ;;;;;
24.05.2024;;PC Netzteil;Dark Power 13 (850 W);23807064; CHF 198.87 ;1;; CHF 198.87 ;AJ;;;;;
;;PC Netzteil;RM850 2021er (850 W);16219866; CHF 99.23 ;1;; CHF 99.23 ;AJ;;;;;
;;PC Netzteil;GP-UD750GM (750 W);21018422; CHF 67.76 ;1;; CHF 67.76 ;AJ;;;;;
;;PC Netzteil;System Power 10 (650 W);22893328; CHF 46.92 ;1;; CHF 46.92 ;AJ;;;;;
;;PC Netzteil;Straight Power 12 Platinum (1000 W);36228049; CHF 156.28 ;1;; CHF 156.28 ;AJ;;;;;
;;PC Netzteil;RM850x SHIFT 80 PLUS Gold (850 W);24021666; CHF 109.37 ;1;; CHF 109.37 ;AJ;;;;;
;;PC Netzteil;Straight Power 11 Gold (750 W);7478791; CHF 97.41 ;1;; CHF 97.41 ;AJ;;;;;
24.05.2024;;Powerbank;"Sprint Go (20000 mAh; 65 W)";20952748; CHF 39.88 ;1;; CHF 39.88 ;AJ;;;;;
;;Powerbank;"PowerCore III Sense 20K (20000 mAh; 20 W; 74 Wh)";21017631; CHF 35.66 ;1;; CHF 35.66 ;AJ;;;;;
;;Powerbank;"Mi Power Bank (20000 mAh; 50 W; 74 Wh)";20246632; CHF 35.16 ;1;; CHF 35.16 ;AJ;;;;;
24.05.2024;;Powerline;Magic 2 WiFi 6 Starter Kit (2400 Mbit/s);17236481; CHF 204.66 ;1;; CHF 204.66 ;AJ;;;;;
24.05.2024;;Powerline;Magic 2 WiFi next Starter Kit (2400 Mbit/s);13338256; CHF 176.62 ;1;; CHF 176.62 ;AJ;;;;;
24.05.2024;;Powerline;Gigabit Kit TL-PA7017 KIT (1000 Mbit/s);12090510; CHF 31.56 ;1;; CHF 31.56 ;AJ;;;;;
;;Powerline;TL-WPA7617 KIT (1200 Mbit/s);24389185; CHF 52.29 ;1;; CHF 52.29 ;AJ;;;;;
24.05.2024;Top 1000 Artikel;Prozessor;Ryzen 5 5600X;13987919; CHF 267.11 ;1;; CHF 267.11 ;AJ;;;;;
24.05.2024;Top 1000 Artikel;Prozessor;Ryzen 7 5800X;13987918; CHF 388.25 ;1;; CHF 388.25 ;AJ;;;;;
24.05.2024;Top 1000 Artikel;Prozessor;Ryzen 9 5950X;13987916; CHF 716.00 ;1;; CHF 716.00 ;AJ;;;;;
24.05.2024;;Prozessor;"Ryzen 5 5600G (AM4; 3.90 GHz; 6 -Core)";16242475; CHF 219.33 ;1;; CHF 219.33 ;AJ;;;;;
24.05.2024;;Prozessor;"Ryzen 7 5700G (AM4; 3.80 GHz; 8 -Core)";16242474; CHF 313.88 ;1;; CHF 313.88 ;AJ;;;;;
24.05.2024;;Prozessor;"Ryzen 9 7950X (AM5; 4.50 GHz; 16 -Core)";21918730; CHF 507.26 ;1;; CHF 507.26 ;AJ;;;;;
24.05.2024;;Prozessor;"Ryzen 7 7700X (AM5; 4.50 GHz; 8 -Core)";21895650; CHF 348.83 ;1;; CHF 348.83 ;AJ;;;;;
24.05.2024;;Prozessor;"Ryzen 9 7900X (AM5; 4.70 GHz; 12 -Core)";21918729; CHF 488.69 ;1;; CHF 488.69 ;AJ;;;;;
24.05.2024;;Prozessor;"Core i7-12700K (LGA 1700; 3.60 GHz; 12 -Core)";16552821; CHF 287.54 ;1;; CHF 287.54 ;AJ;;;;;
24.05.2024;;Prozessor;"Core i5-12400F (LGA 1700; 2.50 GHz; 6 -Core)";18321458; CHF 129.96 ;1;; CHF 129.96 ;AJ;;;;;
24.05.2024;;Prozessor;"Ryzen 5 7600X (AM5; 4.70 GHz; 6 -Core)";21895649; CHF 199.40 ;1;; CHF 199.40 ;AJ;;;;;
24.05.2024;;Prozessor;"Ryzen 9 5900X (AM4; 3.70 GHz; 12 -Core)";13987917; CHF 273.65 ;1;; CHF 273.65 ;AJ;;;;;
;;Prozessor;"Core i7-14700K (LGA 1700; 3.40 GHz; 20 -Core)";38738119; CHF 341.90 ;1;; CHF 341.90 ;AJ;;;;;
;;Prozessor;"Core i9-14900K (LGA 1700; 3.20 GHz; 24 -Core)";38738117; CHF 486.48 ;1;; CHF 486.48 ;AJ;;;;;
;;Prozessor;"Ryzen 7 5700X (AM4; 3.40 GHz; 8 -Core)";20147161; CHF 133.80 ;1;; CHF 133.80 ;AJ;;;;;
24.05.2024;;RAM;"FURY Beast (2 x 16GB; DDR5-5200; DIMM 288 pin)";17272754; CHF 227.66 ;1;; CHF 227.66 ;AJ;;;;;
24.05.2024;;RAM;"Laptop Memory (1 x 8GB; 3200 MHz; DDR4-RAM; SO-DIMM)";13582788; CHF 15.75 ;1;; CHF 15.75 ;AJ;;;;;
24.05.2024;;RAM;"Laptop Memory (2 x 8GB; 3200 MHz; DDR4-RAM; SO-DIMM)";13636976; CHF 32.27 ;1;; CHF 32.27 ;AJ;;;;;
24.05.2024;;RAM;"Laptop Memory (2 x 16GB; 3200 MHz; DDR4-RAM; SO-DIMM)";13500791; CHF 64.64 ;1;; CHF 64.64 ;AJ;;;;;
24.05.2024;;RAM;"Laptop Memory (1 x 16GB; 3200 MHz; DDR4-RAM; SO-DIMM)";13913198; CHF 29.85 ;1;; CHF 29.85 ;AJ;;;;;
24.05.2024;;RAM;"Vengeance (2 x 16GB; 5600 MHz; DDR5-RAM; DIMM)";17809464; CHF 108.72 ;1;; CHF 108.72 ;AJ;;;;;
24.05.2024;;RAM;"Vengeance RGB Pro (2 x 16GB; 3600 MHz; DDR4-RAM; DIMM)";12513501; CHF 79.80 ;1;; CHF 79.80 ;AJ;;;;;
24.05.2024;;RAM;"Vengeance LPX (2 x 16GB; 3600 MHz; DDR4-RAM; DIMM)";12509401; CHF 67.46 ;1;; CHF 67.46 ;AJ;;;;;
24.05.2024;;RAM;"Vengeance LPX (2 x 16GB; 3200 MHz; DDR4-RAM; DIMM)";11388204; CHF 63.36 ;1;; CHF 63.36 ;AJ;;;;;
24.05.2024;;RAM;"FURY Impact (2 x 16GB; 3200 MHz; DDR4-RAM; SO-DIMM)";16238114; CHF 56.71 ;1;; CHF 56.71 ;AJ;;;;;
24.05.2024;;RAM;"FURY Impact (2 x 32GB; 3200 MHz; DDR4-RAM; SO-DIMM)";16238116; CHF 110.28 ;1;; CHF 110.28 ;AJ;;;;;
24.05.2024;;RAM;"FURY Beast (2 x 32GB; 5600 MHz; DDR5-RAM; DIMM)";20929817; CHF 168.09 ;1;; CHF 168.09 ;AJ;;;;;
24.05.2024;;RAM;"FURY Beast (2 x 32GB; 3200 MHz; DDR4-RAM; DIMM)";16234737; CHF 109.92 ;1;; CHF 109.92 ;AJ;;;;;
24.05.2024;;RAM;"Fury Beast (2 x 32GB; 6000 MHz; DDR5-RAM; DIMM)";23796491; CHF 216.38 ;1;; CHF 216.38 ;AJ;;;;;
24.05.2024;;RAM;"Trident Z5 RGB (2 x 32GB; 6000 MHz; DDR5-RAM; DIMM)";21038645; CHF 293.98 ;1;; CHF 293.98 ;AJ;;;;;
24.05.2024;;RAM;"Trident Z5 RGB (2 x 32GB; 6400 MHz; DDR5-RAM; DIMM)";22822882; CHF 282.39 ;1;; CHF 282.39 ;AJ;;;;;
24.05.2024;;RAM;"Trident Z5 RGB (2 x 16GB; 6400 MHz; DDR5-RAM; DIMM)";18510367; CHF 140.77 ;1;; CHF 140.77 ;AJ;;;;;
;;RAM;"Laptop Memory (1 x 32GB; 3200 MHz; DDR4-RAM; SO-DIMM)";14174089; CHF 51.29 ;1;; CHF 51.29 ;AJ;;;;;
;;RAM;"D4NESO-2666-4G (1 x 4GB; 2666 MHz; DDR4-RAM; SO-DIMM)";11908371; CHF 66.67 ;1;; CHF 66.67 ;AJ;;;;;
;;RAM;"FURY Beast (2 x 16GB; 3200 MHz; DDR4-RAM; DIMM)";16234795; CHF 57.01 ;1;; CHF 57.01 ;AJ;;;;;
;;RAM;"CT16G48C40S5 (1 x 16GB; 4800 MHz; DDR5-RAM; SO-DIMM)";21582250; CHF 33.53 ;1;; CHF 33.53 ;AJ;;;;;
;;RAM;"Laptop Memory (2 x 32GB; 3200 MHz; DDR4-RAM; SO-DIMM)";14174088; CHF 117.56 ;1;; CHF 117.56 ;AJ;;;;;
;;RAM;"Trident Z5 RGB (2 x 16GB; 6400 MHz; DDR5-RAM; DIMM)";18761189; CHF 105.00 ;1;; CHF 105.00 ;AJ;;;;;
24.05.2024;;Rasierapparat;Series 3;5338804; CHF 56.66 ;1;; CHF 56.66 ;AJ;;;;;
24.05.2024;;Rasierapparat;Glatzen Rasierer RX7 Ultimate Series;22615068; CHF 53.23 ;1;; CHF 53.23 ;AJ;;;;;
;;Rasierapparat;Series 7000;9700005; CHF 49.19 ;1;; CHF 49.19 ;AJ;;;;;
;;Rasierapparat;Ladyshaver;22762450; CHF 24.74 ;1;; CHF 24.74 ;AJ;;;;;
;;Rasierapparat;Series 5 ;21384147; CHF 69.13 ;1;; CHF 69.13 ;AJ;;;;;
24.05.2024;;Reiseadapter;Pro+ Usb;14490202; CHF 29.26 ;1;; CHF 29.26 ;AJ;;;;;
24.05.2024;;Reiseadapter;Adapter D/CH;220005; CHF 2.96 ;2;; CHF 5.92 ;AJ;;;;;
24.05.2024;;Router;Archer AX73;15681405; CHF 103.83 ;1;; CHF 103.83 ;AJ;;;;;
24.05.2024;;Router;Fritz! 1200 AX;17882909; CHF 71.26 ;1;; CHF 71.26 ;AJ;;;;;
24.05.2024;;Router;FRITZ!Box 6850 International;16771721; CHF 401.44 ;1;; CHF 401.44 ;AJ;;;;;
24.05.2024;;Router;TL-MR6400;6078813; CHF 49.47 ;1;; CHF 49.47 ;AJ;;;;;
24.05.2024;;Router;Archer MR600;11417317; CHF 87.12 ;1;; CHF 87.12 ;AJ;;;;;
24.05.2024;;Router;M7350;5615329; CHF 52.11 ;1;; CHF 52.11 ;AJ;;;;;
24.05.2024;;Router;Deco E4 WLAN Mesh 3er Set (AC1200);11820777; CHF 70.40 ;1;; CHF 70.40 ;AJ;;;;;
24.05.2024;;Router;Deco M4 AC1200 Dualband WLAN Mesh 3-pack;11776148; CHF 100.68 ;1;; CHF 100.68 ;AJ;;;;;
24.05.2024;;Router;RT-AX58U;12279542; CHF 75.45 ;1;; CHF 75.45 ;AJ;;;;;
24.05.2024;;Router;Mesh-System ZenWiFi AX Mini (XD4) 3 Pack;14025888; CHF 175.17 ;1;; CHF 175.17 ;AJ;;;;;
24.05.2024;;Router;MU5001 HyperMobile;21480188; CHF 229.50 ;1;; CHF 229.50 ;AJ;;;;;
;;Router;MC801A;24531857; CHF 207.73 ;1;; CHF 207.73 ;AJ;;;;;
;;Router;Deco XE75;20916427; CHF 287.58 ;1;; CHF 287.58 ;AJ;;;;;
;;Router;TL-WR802N;5615380; CHF 15.74 ;1;; CHF 15.74 ;AJ;;;;;
;;Router;Archer MR200 V5.2;5633693; CHF 50.53 ;1;; CHF 50.53 ;AJ;;;;;
24.05.2024;;Siebträgermaschine;the Barista Pro;12010015; CHF 470.63 ;1;; CHF 470.63 ;AJ;;;;;
;;Siebträgermaschine;Dedica ;6299440; CHF 157.24 ;1;; CHF 157.24 ;AJ;;;;;
;;Siebträgermaschine;La Specialista Arte;18863814; CHF 392.35 ;1;; CHF 392.35 ;AJ;;;;;
24.05.2024;Top 1000 Artikel;Smart Speaker;HomePod mini;14352662; CHF 78.80 ;1;; CHF 78.80 ;AJ;;;;;
24.05.2024;;Smart Speaker;Nest Hub (2 Gen.) (Google Assistant);15754146; CHF 39.48 ;1;; CHF 39.48 ;AJ;;;;;
24.05.2024;;Smart Speaker;Echo Dot (5. Gen.) (Amazon Alexa);23204251; CHF 32.09 ;1;; CHF 32.09 ;AJ;;;;;
24.05.2024;;Smart Speaker;Nest Audio (Google Assistant);14144835; CHF 48.89 ;1;; CHF 48.89 ;AJ;;;;;
24.05.2024;;Smart Speaker;Mi Smart Speaker (Google Assistant);14751768; CHF 30.75 ;1;; CHF 30.75 ;AJ;;;;;
;;Smart Speaker;"Nest Mini Gen 2 (Google Assistant; IFTTT)";12307070; CHF 33.21 ;1;; CHF 33.21 ;AJ;;;;;
10.09.2024;;Smartphone;"iPhone 15 (128 GB; Black; 6.10""; SIM + eSIM; 48 Mpx; 5G)";38606678; CHF 728.15 ;1;; CHF 728.15 ;AJ;;;;;
10.09.2024;;Smartphone;"iPhone 15 (128 GB; Blue; 6.10""; SIM + eSIM; 48 Mpx; 5G)";38606681; CHF 728.15 ;1;; CHF 728.15 ;AJ;;;;;
10.09.2024;;Smartphone;"iPhone 15 (256 GB; Black; 6.10""; SIM + eSIM; 48 Mpx; 5G)";38606683; CHF 822.52 ;1;; CHF 822.52 ;AJ;;;;;
10.09.2024;;Smartphone;"iPhone 15 (256 GB; Blue; 6.10""; SIM + eSIM; 48 Mpx; 5G)";38606686; CHF 822.52 ;1;; CHF 822.52 ;AJ;;;;;
10.09.2024;;Smartphone;"iPhone 15 Plus (128 GB; Blue; 6.70""; SIM + eSIM; 48 Mpx; 5G)";38606696; CHF 813.88 ;1;; CHF 813.88 ;AJ;;;;;
10.09.2024;;Smartphone;"iPhone 15 Plus (256 GB; Black; 6.70""; SIM + eSIM; 48 Mpx; 5G)";38606698; CHF 908.26 ;1;; CHF 908.26 ;AJ;;;;;
10.09.2024;;Smartphone;"iPhone 15 Plus (256 GB; Blue; 6.70""; SIM + eSIM; 48 Mpx; 5G)";38606701; CHF 908.26 ;1;; CHF 908.26 ;AJ;;;;;
;;Smartphone;"Galaxy S24 (256 GB; Onyx Black; 6.20""; SIM + eSIM; 50 Mpx; 5G)";41969647; CHF 740.64 ;1;; CHF 740.64 ;AJ;;;;;
;;Smartphone;"Galaxy S24 (256 GB; Marble Gray; 6.20""; SIM + eSIM; 50 Mpx; 5G)";41969648; CHF 740.64 ;1;; CHF 740.64 ;AJ;;;;;
;;Smartphone;"Galaxy S24 (256 GB; Amber Yellow; 6.20""; SIM + eSIM; 50 Mpx; 5G)";41969650; CHF 740.64 ;1;; CHF 740.64 ;AJ;;;;;
;;Smartphone;"Galaxy S24+ (512 GB; Onyx Black; 6.70""; Dual SIM; 50 Mpx; 5G)";41969655; CHF 973.33 ;1;; CHF 973.33 ;AJ;;;;;
;;Smartphone;"Galaxy S24+ (512 GB; Cobalt Violet; 6.70""; Dual SIM; 50 Mpx; 5G)";41969657; CHF 973.33 ;1;; CHF 973.33 ;AJ;;;;;
;;Smartphone;"Galaxy S24 Ultra (512 GB; Titanium Black; 6.80""; Dual SIM; 200 Mpx; 5G)";41969663;" CHF 1;193.73 ";1;;" CHF 1;193.73 ";AJ;;;;;
;;Smartphone;"Galaxy S24 Ultra (512 GB; Titanium Gray; 6.80""; Dual SIM; 200 Mpx; 5G)";41969664;" CHF 1;193.73 ";1;;" CHF 1;193.73 ";AJ;;;;;
;;Smartphone;"Galaxy S24 Ultra (512 GB; Titanium Violet; 6.80""; Dual SIM; 200 Mpx; 5G)";41969665;" CHF 1;193.73 ";1;;" CHF 1;193.73 ";AJ;;;;;
;;Smartphone;"Galaxy S24 Ultra (512 GB; Titanium Yellow; 6.80""; Dual SIM; 200 Mpx; 5G)";41969666;" CHF 1;193.73 ";1;;" CHF 1;193.73 ";AJ;;;;;
;;Smartphone;"Galaxy A55 (256 GB; Awesome Navy; 6.60""; SIM + eSIM; 50 Mpx; 5G)";43303735; CHF 404.46 ;2;; CHF 808.92 ;AJ;;;;;
;;Smartphone;"Galaxy A55 (128 GB; Awesome Navy; 6.60""; SIM + eSIM; 50 Mpx; 5G)";43303731; CHF 368.88 ;2;; CHF 737.76 ;AJ;;;;;
;;Smartphone;"Galaxy A55 (128 GB; Awesome Iceblue; 6.60""; SIM + eSIM; 50 Mpx; 5G)";43303732; CHF 367.81 ;2;; CHF 735.62 ;AJ;;;;;
;;Smartphone;"Galaxy A55 (256 GB; Awesome Iceblue; 6.60""; SIM + eSIM; 50 Mpx; 5G)";43303736; CHF 404.46 ;2;; CHF 808.92 ;AJ;;;;;
;;Smartphone;"5 (256 GB; Mattschwarz; 6.46""; SIM + eSIM; 50 Mpx; 5G)";37118314; CHF 530.86 ;1;; CHF 530.86 ;AJ;;;;;
;;Smartphone;"14 Ultra (512 GB; Schwarz; 6.73""; Dual SIM; 50 Mpx; 5G)";43162283; CHF 980.26 ;1;; CHF 980.26 ;AJ;;;;;
;;Smartphone;"Redmi Note 13 Pro 5G (512 GB; Ocean Teal; 6.67""; Dual SIM; 200 Mpx; 5G)";41238082; CHF 261.00 ;1;; CHF 261.00 ;AJ;;;;;
;;Smartphone;"13T Pro (512 GB; Black; 6.67""; Dual SIM; 50 Mpx; 5G)";37627262; CHF 472.93 ;1;; CHF 472.93 ;AJ;;;;;
;;Smartphone;"Galaxy XCover7 (128 GB; Black; 6.60""; SIM + eSIM; 50 Mpx; 5G)";41903384; CHF 218.61 ;1;; CHF 218.61 ;AJ;;;;;
;;Smartphone;"Pixel 8a (256 GB; Obsidian; 6.10""; SIM + eSIM; 64 Mpx; 5G)";43296430; CHF 487.32 ;2;; CHF 974.64 ;AJ;;;;;
;;Smartphone;"Pixel 8a (128 GB; Porcelain; 6.10""; SIM + eSIM; 64 Mpx; 5G)";43296433; CHF 435.02 ;1;; CHF 435.02 ;AJ;;;;;
;;Smartphone;"Pixel 8a (128 GB; Bay; 6.10""; SIM + eSIM; 64 Mpx; 5G)";43296435; CHF 435.02 ;1;; CHF 435.02 ;AJ;;;;;
;;Smartphone;"Redmi Note 13 Pro 5G (256 GB; Midnight Black; 6.67""; SIM + eSIM; 200 Mpx; 5G)";40776129; CHF 218.75 ;1;; CHF 218.75 ;AJ;;;;;
;;Smartphone;"Redmi Note 13 Pro+ 5G (256 GB; Midnight Black; 6.67""; Dual SIM; 200 Mpx; 5G)";41216711; CHF 271.00 ;1;; CHF 271.00 ;AJ;;;;;
;;Smartphone;"iPhone 16 Pro (256 GB; Black Titanium; 6.30""; SIM + eSIM; 48 Mpx; 5G)";49221234; CHF 994.36 ;1;; CHF 994.36 ;AJ;;;;;
;;Smartphone;"iPhone 16 Pro (256 GB; Natural Titanium; 6.30""; SIM + eSIM; 48 Mpx; 5G)";49221237; CHF 994.36 ;1;; CHF 994.36 ;AJ;;;;;
;;Smartphone;"iPhone 16 Pro (256 GB; Desert Titanium; 6.30""; SIM + eSIM; 48 Mpx; 5G)";49221236; CHF 987.87 ;1;; CHF 987.87 ;AJ;;;;;
;;Smartphone;"iPhone 16 Pro (256 GB; White Titanium; 6.30""; SIM + eSIM; 48 Mpx; 5G)";49221235; CHF 994.36 ;1;; CHF 994.36 ;AJ;;;;;
;;Smartphone;"iPhone 16 Pro Max (256 GB; Natural Titanium; 6.90""; SIM + eSIM; 48 Mpx; 5G)";49221248;" CHF 1;073.82 ";1;;" CHF 1;073.82 ";AJ;;;;;
;;Smartphone;"iPhone 16 Pro Max (256 GB; Black Titanium; 6.90""; SIM + eSIM; 48 Mpx; 5G)";49221245;" CHF 1;073.82 ";1;;" CHF 1;073.82 ";AJ;;;;;
;;Smartphone;"iPhone 16 Pro Max (256 GB; Desert Titanium; 6.90""; SIM + eSIM; 48 Mpx; 5G)";49221247;" CHF 1;073.82 ";1;;" CHF 1;073.82 ";AJ;;;;;
;;Smartphone;"iPhone 16 Pro Max (256 GB; White Titanium; 6.90""; SIM + eSIM; 48 Mpx; 5G)";49221246;" CHF 1;073.82 ";1;;" CHF 1;073.82 ";AJ;;;;;
;;Smartphone;"iPhone 16 Pro Max (512 GB; Desert Titanium; 6.90""; SIM + eSIM; 48 Mpx; 5G)";49221251;" CHF 1;245.78 ";1;;" CHF 1;245.78 ";AJ;;;;;
;;Smartphone;"iPhone 16 Pro Max (512 GB; Black Titanium; 6.90""; SIM + eSIM; 48 Mpx; 5G) ";49221249;" CHF 1;245.78 ";1;;" CHF 1;245.78 ";AJ;;;;;
;;Smartphone;" iPhone 16 Pro (512 GB; Black Titanium; 6.30""; SIM + eSIM; 48 Mpx; 5G)";49221238;" CHF 1;167.45 ";1;;" CHF 1;167.45 ";AJ;;;;;
;;Smartphone;"iPhone 16 Pro (512 GB; Desert Titanium; 6.30""; SIM + eSIM; 48 Mpx; 5G)";49221240;" CHF 1;159.83 ";1;;" CHF 1;159.83 ";AJ;;;;;
;;Smartphone;"iPhone 16 (128 GB; Black; 6.10""; SIM + eSIM; 48 Mpx; 5G)";49221143; CHF 729.89 ;1;; CHF 729.89 ;AJ;;;;;
;;Smartphone;"iPhone 16 (256 GB; Black; 6.10""; SIM + eSIM; 48 Mpx; 5G)";49221148; CHF 815.90 ;1;; CHF 815.90 ;AJ;;;;;
;;Smartphone;"iPhone 16 Plus (128 GB; Black; 6.70""; SIM + eSIM; 48 Mpx; 5G)";49221215; CHF 815.84 ;1;; CHF 815.84 ;AJ;;;;;
;;Smartphone;"iPhone 16 Plus (256 GB; Black; 6.70""; SIM + eSIM; 48 Mpx; 5G)";49221220; CHF 901.84 ;1;; CHF 901.84 ;AJ;;;;;
;;Smartphone;"iPhone 16 (256 GB; Teal; 6.10""; SIM + eSIM; 48 Mpx; 5G) ";49221152; CHF 815.90 ;1;; CHF 815.90 ;AJ;;;;;
;;Smartphone;"iPhone 16 (256 GB; Ultramarine; 6.10""; SIM + eSIM; 48 Mpx; 5G)";49221151; CHF 821.33 ;1;; CHF 821.33 ;AJ;;;;;
;;Smartphone;"iPhone 16 (128 GB; Ultramarine; 6.10""; SIM + eSIM; 48 Mpx; 5G)";49221146; CHF 729.89 ;1;; CHF 729.89 ;AJ;;;;;
;;Smartphone;"iPhone 16 (128 GB; Teal; 6.10""; SIM + eSIM; 48 Mpx; 5G)";49221147; CHF 729.89 ;1;; CHF 729.89 ;AJ;;;;;
;;Smartphone;"iPhone 16 Plus (128 GB; Ultramarine; 6.70""; SIM + eSIM; 48 Mpx; 5G)";49221218; CHF 815.84 ;1;; CHF 815.84 ;AJ;;;;;
;;Smartphone;"iPhone 16 Plus (256 GB; Ultramarine; 6.70""; SIM + eSIM; 48 Mpx; 5G) ";49221223; CHF 907.85 ;1;; CHF 907.85 ;AJ;;;;;
;;Smartphone;"iPhone 16 Plus (256 GB; Teal; 6.70""; SIM + eSIM; 48 Mpx; 5G)";49221224; CHF 901.84 ;1;; CHF 901.84 ;AJ;;;;;
;;Smartphone;"iPhone 16 Plus (128 GB; Teal; 6.70""; SIM + eSIM; 48 Mpx; 5G)";49221219; CHF 815.92 ;1;; CHF 815.92 ;AJ;;;;;
;;Smartphone;"Galaxy A35 (256 GB; Awesome Navy; 6.60""; SIM + eSIM; 50 Mpx; 5G)";43303501;;1;; CHF -   ;AJ;;;;;
;;Smartphone;"Galaxy A35 (256 GB; Awesome Iceblue; 6.60""; SIM + eSIM; 50 Mpx; 5G)";43303502; CHF 214.79 ;1;; CHF 214.79 ;AJ;;;;;
;;Smartphone;"Galaxy A35 (128 GB; Awesome Navy; 6.60""; SIM + eSIM; 50 Mpx; 5G)";43303497; CHF 183.04 ;1;; CHF 183.04 ;AJ;;;;;
;;Smartphone;"Galaxy Z Fold6 (512 GB; Navy; 7.60""; SIM + eSIM; 50 Mpx; 5G) ";46980668;;1;; CHF -   ;AJ;;;;;
;;Smartphone;"Galaxy Z Fold6 (512 GB; Silver Shadow; 7.60""; SIM + eSIM; 50 Mpx; 5G)";46980667;;1;; CHF -   ;AJ;;;;;
;;Smartphone;"Galaxy Z Flip6 (256 GB; Silver Shadow; 6.70""; SIM + eSIM; 50 Mpx; 5G)";46980662;;1;; CHF -   ;AJ;;;;;
;;Smartphone;"Galaxy Z Flip6 (256 GB; Mint colour; 6.70""; SIM + eSIM; 50 Mpx; 5G)";46980663;;1;; CHF -   ;AJ;;;;;
;;Smartphone;"Galaxy Z Flip6 (256 GB; Blue; 6.70""; SIM + eSIM; 50 Mpx; 5G)";46980671;;1;; CHF -   ;AJ;;;;;
;;Smartphone;"Pixel 9 Pro XL (256 GB; Obsidian; 6.80""; SIM + eSIM; 50 Mpx; 5G)";47314342;" CHF 1;025.20 ";1;;" CHF 1;025.20 ";AJ;;;;;
;;Smartphone;"Pixel 9 Pro XL (256 GB; Hazel; 6.80""; SIM + eSIM; 50 Mpx; 5G)";47314341;" CHF 1;025.20 ";1;;" CHF 1;025.20 ";AJ;;;;;
;;Smartphone;"Pixel 9 (256 GB; Obsidian; 6.30""; Dual SIM; 50 Mpx; 5G) ";47313346; CHF 781.72 ;1;; CHF 781.72 ;AJ;;;;;
;;Smartphone;"Pixel 9 (256 GB; Wintergreen; 6.30""; Dual SIM; 50 Mpx; 5G)";47313349; CHF 781.72 ;1;; CHF 781.72 ;AJ;;;;;
;;Smartphone;"Pixel 9 (256 GB; Porcelain; 6.30""; Dual SIM; 50 Mpx; 5G)";47313348; CHF 781.72 ;1;; CHF 781.72 ;AJ;;;;;
;;Smartphone;"Pixel 9 Pro (256 GB; Hazel; 6.30""; Dual SIM; 50 Mpx; 5G)";47313982; CHF 903.46 ;1;; CHF 903.46 ;AJ;;;;;
;;Smartphone;"Pixel 9 Pro (256 GB; Obsidian; 6.30""; Dual SIM; 50 Mpx; 5G)";47313983; CHF 903.46 ;1;; CHF 903.46 ;AJ;;;;;
;;Smartphone;"Pixel 9 Pro (256 GB; Porcelain; 6.30""; Dual SIM; 50 Mpx; 5G)";47313984; CHF 903.46 ;1;; CHF 903.46 ;AJ;;;;;
;;Smartphone;"Pixel 9 Pro Fold (512 GB; Obsidian; 8""; SIM + eSIM; 48 Mpx; 5G)";47314378;" CHF 1;564.31 ";1;;" CHF 1;564.31 ";AJ;;;;;
;;Smartphone;"Pixel 9 Pro Fold (512 GB; Porcelain; 8""; SIM + eSIM; 48 Mpx; 5G)";47314379;" CHF 1;564.31 ";1;;" CHF 1;564.31 ";AJ;;;;;
;;Smartphone;"Phone (2a) Plus (256 GB; Grau; 6.70""; Dual SIM; 50 Mpx; 5G)";47718329; CHF 323.00 ;1;; CHF 323.00 ;AJ;;;;;
;;Smartphone;"Phone (2a) (256 GB; Schwarz; 6.70""; Dual SIM; 50 Mpx; 5G)";43072389; CHF 333.18 ;1;; CHF 333.18 ;AJ;;;;;
;;Smartphone;"Galaxy S25 Ultra (256 GB; Titanium Black; 6.90""; Dual SIM; 200 Mpx; 5G)";53993571;;1;;;AJ;;;;;
;;Smartphone;"Galaxy S25 Ultra (256 GB; Titanium Gray; 6.90""; Dual SIM; 200 Mpx; 5G)";53993610;;1;;;AJ;;;;;
;;Smartphone;"Galaxy S25 Ultra (256 GB; Titanium Whitesilver; 6.90""; Dual SIM; 200 Mpx; 5G)";53993611;;1;;;AJ;;;;;
;;Smartphone;"Galaxy S25 Ultra (512 GB; Titanium Black; 6.90""; Dual SIM; 200 Mpx; 5G)";53993644;;1;;;AJ;;;;;
;;Smartphone;"Galaxy S25 Ultra (512 GB; Titanium Gray; 6.90""; Dual SIM; 200 Mpx; 5G)";53993643;;1;;;AJ;;;;;
;;Smartphone;"Galaxy S25 Ultra (512 GB; Titanium Whitesilver; 6.90""; Dual SIM; 200 Mpx; 5G)";54092077;;1;;;AJ;;;;;
;;Smartphone;"Galaxy S25 (256 GB; Silver Shadow; 6.20""; Dual SIM; 50 Mpx; 5G)";54091185;;1;;;AJ;;;;;
;;Smartphone;"Galaxy S25 (256 GB; Navy; 6.20""; Dual SIM; 50 Mpx; 5G)";53993439;;1;;;AJ;;;;;
;;Smartphone;"Galaxy S25+ (512 GB; Navy; 6.70""; Dual SIM; 50 Mpx; 5G)";53993570;;1;;;AJ;;;;;
;;Smartphone;"Galaxy S25+ (512 GB; Silver Shadow; 6.70""; Dual SIM; 50 Mpx; 5G)";54092007;;1;;;AJ;;;;;
;;Smartphone;"13 (256 GB; Black Eclipse; 6.82""; Dual SIM; 50 Mpx; 5G)";53899259;;1;;;AJ;;;;;
;;Smartphone;"13 (512 GB; Black Eclipse; 6.82""; Dual SIM; 50 Mpx; 5G)";53791374;;1;;;;;;;;
;;Smartphone;"13 (512 GB; Midnight Ocean; 6.82""; Hybrid Dual SIM + eSIM; 50 Mpx; 5G)";53791378;;1;;;;;;;;
24.05.2024;Top 1000 Artikel;Smartphone Halterung;Motorcycle Mount V2;13278265; CHF 36.00 ;1;; CHF 36.00 ;AJ;;;;;
24.05.2024;;Smartphone Halterung;Universal-Smartphone-Halterung;11310854; CHF 5.44 ;2;; CHF 10.88 ;AJ;;;;;
24.05.2024;;Smartphone Halterung;Car Vent Mount für MagSafe;15794674; CHF 10.75 ;1;; CHF 10.75 ;AJ;;;;;
24.05.2024;;Smartphone Halterung;Magnetic Wireless Car Charger with MagSafe;17702869; CHF 21.38 ;1;; CHF 21.38 ;AJ;;;;;
24.05.2024;;Smartphone Halterung;Motorcycle Mount Pro;20667881; CHF 45.18 ;1;; CHF 45.18 ;AJ;;;;;
10.09.2024;;Smartphone Hülle;Feingewebe Case mit MagSafe (iPhone 15);38610236; CHF 39.88 ;2;; CHF 79.76 ;AJ;;;;;
10.09.2024;;Smartphone Hülle;Silikon Case mit MagSafe (iPhone 15);38610368; CHF 33.13 ;2;; CHF 66.26 ;AJ;;;;;
10.09.2024;;Smartphone Hülle;Clear Case mit MagSafe (iPhone 15);38610312; CHF 33.13 ;2;; CHF 66.26 ;AJ;;;;;
10.09.2024;;Smartphone Hülle;Silikon Case mit MagSafe (iPhone 15 Plus);38610313; CHF 33.13 ;2;; CHF 66.26 ;AJ;;;;;
;;Smartphone Hülle;Shield Case (Galaxy S24 Ultra);40220371; CHF 14.63 ;2;; CHF 29.26 ;AJ;;;;;
;;Smartphone Hülle;Smart View Wallet Case (Galaxy S24 Ultra);40220235; CHF 22.85 ;2;; CHF 45.70 ;AJ;;;;;
;;Smartphone Hülle;Standing Grip Case (Galaxy S24 Ultra);40220095; CHF 25.14 ;1;; CHF 25.14 ;AJ;;;;;
;;Smartphone Hülle;Smart View Wallet Case (Galaxy S24 Ultra);40220237; CHF 22.96 ;1;; CHF 22.96 ;AJ;;;;;
;;Smartphone Hülle;Vegan Leather Case (Galaxy S24 Ultra);40220366; CHF 18.21 ;2;; CHF 36.42 ;AJ;;;;;
;;Smartphone Hülle;Silicone Case (Galaxy S24 Ultra);40220311; CHF 14.57 ;1;; CHF 14.57 ;AJ;;;;;
;;Smartphone Hülle;Vegan Leather Case (Galaxy S24 Ultra);40220364; CHF 18.24 ;1;; CHF 18.24 ;AJ;;;;;
;;Smartphone Hülle;Smart View Wallet Case (Galaxy S24);40220227; CHF 22.86 ;2;; CHF 45.72 ;AJ;;;;;
;;Smartphone Hülle;Smart View Wallet Case (Galaxy S24+);40220231; CHF 22.88 ;2;; CHF 45.76 ;AJ;;;;;
;;Smartphone Hülle;Clear Case (Galaxy S24);40220549; CHF 7.24 ;2;; CHF 14.48 ;AJ;;;;;
;;Smartphone Hülle;Clear Case (Galaxy S24+);40220550; CHF 7.24 ;2;; CHF 14.48 ;AJ;;;;;
;;Smartphone Hülle;Silicone Case (Galaxy A55);42315241; CHF 14.98 ;2;; CHF 29.96 ;AJ;;;;;
;;Smartphone Hülle;Smart View Wallet Case (Galaxy A55);42315297; CHF 23.73 ;2;; CHF 47.46 ;AJ;;;;;
;;Smartphone Hülle;Smart View Wallet Case (Galaxy A55);42315231; CHF 23.39 ;2;; CHF 46.78 ;AJ;;;;;
;;Smartphone Hülle;Clear Case (Galaxy A55);42315299; CHF 9.39 ;2;; CHF 18.78 ;AJ;;;;;
;;Smartphone Hülle;Silicone Case (Galaxy A55);42315221; CHF 14.98 ;2;; CHF 29.96 ;AJ;;;;;
;;Smartphone Hülle;Standing Grip Case (Galaxy A55) ;42315242; CHF 24.33 ;1;; CHF 24.33 ;AJ;;;;;
;;Smartphone Hülle;Cover (Google Pixel 8a);43251996; CHF 13.85 ;2;; CHF 27.70 ;AJ;;;;;
24.05.2024;;Smartwatch;" Instinct 2 Solar (45 mm; Faserverstärktes Polymer)";18551979; CHF 318.41 ;1;; CHF 318.41 ;AJ;;;;;
;;Smartwatch;"Charge 6 (18.54 mm; Aluminium; One Size)";38849373; CHF 99.87 ;1;; CHF 99.87 ;AJ;;;;;
;;Smartwatch;"Inspire 3 (39.32 mm; Aluminium; S; L)";21870503; CHF 59.40 ;1;; CHF 59.40 ;AJ;;;;;
;;Smartwatch;"Charge 6 (18.54 mm; Aluminium; One Size)";38849374; CHF 102.08 ;1;; CHF 102.08 ;AJ;;;;;
;;Smartwatch;"vivoactive 5 (42.20 mm; Aluminium; Silikon; Polymer; Faserverstärktes Polymer; nur WLAN; One Size)";38729275; CHF 164.21 ;1;; CHF 164.21 ;AJ;;;;;
;;Smartwatch;"fenix7X solar Schiefergrau Schwarzes Band (51 mm; Edelstahl; One Size)";18247745; CHF 404.52 ;1;; CHF 404.52 ;AJ;;;;;
;;Smartwatch;"Forerunner 255 Music (45.60 mm; Silikon; Polymer; One Size)";21679332; CHF 211.22 ;1;; CHF 211.22 ;AJ;;;;;
;;Smartwatch;"vivoactive 5 (42.20 mm; Aluminium; Silikon; Polymer; Faserverstärktes Polymer; nur WLAN; One Size)";38734024; CHF 162.29 ;1;; CHF 162.29 ;AJ;;;;;
;;Smartwatch;"Instinct 2 (45 mm; Faserverstärktes Polymer; One Size)";18551674; CHF 188.46 ;1;; CHF 188.46 ;AJ;;;;;
;;Smartwatch;"Forerunner 55 (42 mm; Kunststoff; One Size)";15956317; CHF 124.21 ;1;; CHF 124.21 ;AJ;;;;;
;;Smartwatch;"Forerunner 255 (46 mm; Polymer; Silikon; One Size)";21488968; CHF 201.52 ;1;; CHF 201.52 ;AJ;;;;;
;;Smartwatch;"Versa 4 (40.30 mm; Aluminium; One Size)";21870501; CHF 118.41 ;1;; CHF 118.41 ;AJ;;;;;
;;Smartwatch;"Forerunner 955 (46.50 mm; Faserverstärktes Polymer; One Size)";21495457; CHF 337.74 ;1;; CHF 337.74 ;AJ;;;;;
24.05.2024;Top 1000 Artikel;Sofortbildfilm;Instax Mini  2x10 Film;659349; CHF 10.96 ;5;; CHF 54.78 ;AJ;;;;;
24.05.2024;;Sofortbildkamera;Instax Mini 12;24486167; CHF 67.30 ;1;; CHF 67.30 ;AJ;;;;;
24.05.2024;Top 1000 Artikel;Speicherkarte;ExtremePro microSD A1;6613018; CHF 8.19 ;2;; CHF 16.38 ;AJ;;;;;
24.05.2024;Top 1000 Artikel;Speicherkarte;microSDXC High Endurance Monitoring;11141387; CHF 9.33 ;2;; CHF 18.67 ;AJ;;;;;
24.05.2024;Top 1000 Artikel;Speicherkarte;Micro SD Card Class 10;8396357; CHF 3.20 ;2;; CHF 6.40 ;AJ;;;;;
24.05.2024;Top 1000 Artikel;Speicherkarte;Extreme Pro Typ B;13452122; CHF 164.62 ;2;; CHF 329.24 ;AJ;;;;;
24.05.2024;Top 1000 Artikel;Speicherkarte;CFexpress Tough Typ A;13492468; CHF 318.58 ;2;; CHF 637.16 ;AJ;;;;;
24.05.2024;Top 1000 Artikel;Speicherkarte;microSDXC High Endurance Monitoring;11141388; CHF 17.43 ;2;; CHF 34.86 ;AJ;;;;;
24.05.2024;;Speicherkarte;"EVO Plus (microSDXC; 512 GB; U3; UHS-I)";16738702; CHF 23.03 ;1;; CHF 23.03 ;AJ;;;;;
24.05.2024;;Speicherkarte;"Extreme PRO SDXC (SDXC; 64 GB; U3; UHS-I)";20955002; CHF 10.05 ;2;; CHF 20.10 ;AJ;;;;;
24.05.2024;;Speicherkarte;"Nintendo Switch (microSDXC; 256 GB; U3; UHS-I)";11141390; CHF 22.91 ;1;; CHF 22.91 ;AJ;;;;;
24.05.2024;;Speicherkarte;"Extreme microSDXC +SD /s (microSDXC; 256 GB; U1; UHS-I)";20932251; CHF 20.90 ;1;; CHF 20.90 ;AJ;;;;;
24.05.2024;;Speicherkarte;"Extreme microSDXC +SD /s (microSDHC; 512 GB; U3; UHS-I)";20955000; CHF 43.60 ;1;; CHF 43.60 ;AJ;;;;;
24.05.2024;;Speicherkarte;"Extreme PRO SDXC (SDXC; 512 GB; U3; UHS-I)";20954998; CHF 74.09 ;1;; CHF 74.09 ;AJ;;;;;
;;Speicherkarte;"microSDXC High Endurance Monitoring (microSDXC; 256 GB; U3; UHS-I)";11141389; CHF 18.44 ;1;; CHF 18.44 ;AJ;;;;;
;;Speicherkarte;"Extreme PRO SDXC (SDXC; 256 GB; U3; UHS-I)";20954988; CHF 31.11 ;1;; CHF 31.11 ;AJ;;;;;
;;Speicherkarte;"128GB UHS-I U3A1 microSD (microSD; 128 GB; U3; UHS-I)";10143547; CHF 8.91 ;1;; CHF 8.91 ;AJ;;;;;
;;Speicherkarte;"Ultra microSDXC /s+SD Adapter (microSD; 128 GB; U1; UHS-I)";22648088; CHF 9.40 ;1;; CHF 9.40 ;AJ;;;;;
;;Speicherkarte;"Extreme PRO microSDXC (microSDXC; 64 GB; U3; UHS-I)";20954991; CHF 7.35 ;1;; CHF 7.35 ;AJ;;;;;
;;Speicherkarte;"Extreme microSD A1 (microSDHC; 32 GB; U3; UHS-I)";6405532; CHF 5.33 ;1;; CHF 5.33 ;AJ;;;;;
;;Speicherkarte;"Extreme PRO (SDHC; 32 GB; U3; UHS-I)";20954989; CHF 6.85 ;1;; CHF 6.85 ;AJ;;;;;
;;Speicherkarte;"Canvas Go! Plus microSD (microSDXC; 256 GB; U3; UHS-I)";12944136; CHF 14.58 ;1;; CHF 14.58 ;AJ;;;;;
;;Speicherkarte;"Nintendo Switch (microSDXC; 512 GB; U1; UHS-I)";14337826; CHF 41.85 ;1;; CHF 41.85 ;AJ;;;;;
24.05.2024;;Speicherkartenlesegerät;Card Reader F5 USB3.0 (USB 3.1);6156385; CHF 5.93 ;1;; CHF 5.93 ;AJ;;;;;
24.05.2024;Top 1000 Artikel;Spielkonsole;Playstation 5 Pro Digital Edition;49618254; CHF 434.46 ;2;; CHF 868.92 ;AJ;;;;;
24.05.2024;Top 1000 Artikel;Spielkonsole;Xbox Series S;13755342; CHF 234.90 ;1;; CHF 234.90 ;AJ;;;;;
24.05.2024;;Spielkonsole;Xbox Series X;12664482; CHF 389.17 ;1;; CHF 389.17 ;AJ;;;;;
24.05.2024;;Spielkonsole;Switch (OLED-Modell) Weiss;16212377; CHF 279.06 ;1;; CHF 279.06 ;AJ;;;;;
24.05.2024;;Spielkonsole;Switch (OLED-Modell) Neon-Rot/Neon-Blau;16212378; CHF 275.78 ;1;; CHF 275.78 ;AJ;;;;;
24.05.2024;;Spielkonsole;Switch - Neon-Rot/Neon-Blau;11586094; CHF 239.53 ;1;; CHF 239.53 ;AJ;;;;;
;;Spielkonsole;Playstation 5 Slim Disc Edition;39726201; CHF 435.26 ;2;; CHF 870.52 ;AJ;;;;;
;;Spielkonsole;Playstation 5 Slim Digital Edition;39726222; CHF 355.81 ;2;; CHF 711.62 ;AJ;;;;;
24.05.2024;Top 1000 Artikel;SSD;870 EVO;14598791; CHF 100.99 ;2;; CHF 201.99 ;AJ;;;;;
24.05.2024;;SSD;"870 EVO (2000 GB; 2.5"")";14598992; CHF 135.91 ;2;; CHF 271.82 ;AJ;;;;;
24.05.2024;;SSD;"A400 (480 GB; 2.5"")";6305464; CHF 21.60 ;2;; CHF 43.20 ;AJ;;;;;
24.05.2024;;SSD;"Black SN850X (1000 GB; M.2 2280)";21635318; CHF 87.22 ;1;; CHF 87.22 ;AJ;;;;;
24.05.2024;;SSD;"Black SN770 (2000 GB; M.2 2280)";18756199; CHF 110.99 ;1;; CHF 110.99 ;AJ;;;;;
24.05.2024;;SSD;"Black SN850X (2000 GB; M.2 2280)";21635316; CHF 151.76 ;1;; CHF 151.76 ;AJ;;;;;
24.05.2024;;SSD;"Black SN850X mit Heatsink (2000 GB; M.2 2280)";21635317; CHF 153.13 ;1;; CHF 153.13 ;AJ;;;;;
24.05.2024;;SSD;"990 Pro (2000 GB; M.2 2280)";22097721; CHF 185.09 ;2;; CHF 370.18 ;AJ;;;;;
24.05.2024;;SSD;"FURY Renegade (1000 GB; M.2 2280)";17274250; CHF 67.81 ;1;; CHF 67.81 ;AJ;;;;;
24.05.2024;;SSD;"FURY Renegade (2000 GB; M.2 2280)";17274251; CHF 148.64 ;1;; CHF 148.64 ;AJ;;;;;
24.05.2024;;SSD;"KC3000 (2048 GB; M.2 2280)";17274158; CHF 122.68 ;1;; CHF 122.68 ;AJ;;;;;
;;SSD;"Black SN850P mit Heatsink für PS5 (2000 GB; M.2 2280)";36108804; CHF 148.64 ;1;; CHF 148.64 ;AJ;;;;;
;;SSD;"NV2 (1000 GB; M.2 2280)";21983494; CHF 47.01 ;1;; CHF 47.01 ;AJ;;;;;
;;SSD;"990 Pro mit Heatsink (2000 GB; M.2 2280)";24211888; CHF 152.54 ;1;; CHF 152.54 ;AJ;;;;;
;;SSD;"870 EVO (500 GB; 2.5"")";14597794; CHF 44.86 ;1;; CHF 44.86 ;AJ;;;;;
;;SSD;"A400 (960 GB; 2.5"") ";8613671; CHF 44.26 ;1;; CHF 44.26 ;AJ;;;;;
;;SSD;"990 Pro mit Heatsink (4000 GB; M.2 2280)";37728060; CHF 267.48 ;1;; CHF 267.48 ;AJ;;;;;
;;SSD;"990 Pro (1000 GB; M.2 2280)";22097720; CHF 89.94 ;1;; CHF 89.94 ;AJ;;;;;
;;SSD;"Black SN770 (1000 GB; M.2 2280)";18756198; CHF 58.26 ;1;; CHF 58.26 ;AJ;;;;;
;;SSD;"MP600 CORE XT (4000 GB; M.2 2280)";25016324; CHF 173.19 ;1;; CHF 173.19 ;AJ;;;;;
;;SSD;"Blue SN580 (1000 GB; M.2 2280)";36641502; CHF 52.36 ;1;; CHF 52.36 ;AJ;;;;;
;;Staubsauger Roboter;D10 Plus Gen2 (Saugwischroboter);46399993; CHF 252.31 ;1;; CHF 252.31 ;AJ;;;;;
;;Staubsauger Roboter;S8 Pro Ultra (Saugwischroboter);25456911; CHF 921.94 ;1;; CHF 921.94 ;AJ;;;;;
;;Staubsauger Roboter;S8 MaxV Ultra (Saugwischroboter);43695719;;1;;;;;;;;
;;Staubsauger Roboter;S8 MaxV Ultra (Saugwischroboter);43695849;;1;;;;;;;;
;;Staubsauger Roboter;X20 Max (Saugwischroboter);49838553;;1;;;;;;;;
;;Staubsauger Roboter;X20+ (Saugwischroboter);43091384;;1;;;;;;;;
24.05.2024;;Streaming Media Player;Fire TV Stick 4K (Amazon Alexa);17257487; CHF 33.79 ;1;; CHF 33.79 ;AJ;;;;;
24.05.2024;;Streaming Media Player;TV 128GB (3. Gen) (Apple Siri);22720374; CHF 138.66 ;1;; CHF 138.66 ;AJ;;;;;
24.05.2024;;Streaming Media Player;Z10 SE;19399464; CHF 67.38 ;1;; CHF 67.38 ;AJ;;;;;
;;Streaming Media Player;Fire TV Stick Lite (Amazon Alexa);21800240; CHF 21.20 ;1;; CHF 21.20 ;AJ;;;;;
;;Streaming Media Player;TV 64GB (3. Gen) (Apple Siri);22719628; CHF 121.87 ;1;; CHF 121.87 ;AJ;;;;;
24.05.2024;;Stylus;Surface Slim Pen 2;16629277; CHF 67.15 ;1;; CHF 67.15 ;AJ;;;;;
24.05.2024;;Stylus;Pencil (2. Generation);10036392; CHF 102.77 ;3;; CHF 308.31 ;AJ;;;;;
24.05.2024;;Stylus;Pencil (1. Generation) inkl. Adapter;22732767; CHF 90.40 ;1;; CHF 90.40 ;AJ;;;;;
24.05.2024;;Stylus;Pencil Spitzen (4 Stück);5718391; CHF 15.73 ;1;; CHF 15.73 ;AJ;;;;;
;;Stylus;Pencil (USB-C);39395833; CHF 66.66 ;1;; CHF 66.66 ;AJ;;;;;
24.05.2024;Top 1000 Artikel;Switch;DGS-105;289086; CHF 14.90 ;1;; CHF 14.90 ;AJ;;;;;
24.05.2024;Top 1000 Artikel;Switch;GS108GE;295351; CHF 23.04 ;1;; CHF 23.04 ;AJ;;;;;
24.05.2024;;Switch;TL-SG105PE (5 Ports);13966153; CHF 39.21 ;1;; CHF 39.21 ;AJ;;;;;
24.05.2024;;Switch;USW-LITE-8-POE (8 Ports);13751323; CHF 106.32 ;1;; CHF 106.32 ;AJ;;;;;
24.05.2024;;Switch;UniFi Switch Flex Mini (5 Ports);12745975; CHF 25.99 ;1;; CHF 25.99 ;AJ;;;;;
24.05.2024;Top 1000 Artikel;Tablet;iPad 2021 (9. Gen);16644686; CHF 299.22 ;1;; CHF 299.22 ;AJ;;;;;
24.05.2024;;Tablet;"Galaxy Tab S8+ (12.40""; 256 GB; Graphite)";18384069; CHF 735.98 ;1;; CHF 735.98 ;AJ;;;;;
24.05.2024;;Tablet;"iPad 2022 (10. Gen) (10.90""; 256 GB; Silver)";22715683; CHF 553.87 ;1;; CHF 553.87 ;AJ;;;;;
;;Tablet;"Tab M9 (nur WLAN; 9""; 32 GB; Arctic Grey)";23857063; CHF 82.45 ;1;; CHF 82.45 ;AJ;;;;;
;;Tablet;"Redmi Pad SE (11""; 128 GB; Graphit Grau)";37419735; CHF 117.00 ;1;; CHF 117.00 ;AJ;;;;;
;;Tablet;"Galaxy Tab S9 FE (nur WLAN; 10.90""; 256 GB; Gray)";37856547; CHF 336.29 ;1;; CHF 336.29 ;AJ;;;;;
;;Tablet;"iPad Pro 13 2024 (M4) (nur WLAN; 13""; 256 GB; Space Black)";45556635;" CHF 1;110.53 ";1;;" CHF 1;110.53 ";AJ;;;;;
;;Tablet;"iPad Pro 11 2024 (M4) (nur WLAN; 11""; 256 GB; Space Black)";45556610; CHF 863.65 ;1;; CHF 863.65 ;AJ;;;;;
;;Tablet;"iPad Pro 13 2024 (M4) (5G; 13""; 256 GB; Space Black) ";45556643;" CHF 1;274.94 ";1;;" CHF 1;274.94 ";AJ;;;;;
;;Tablet;"iPad Pro 11 2024 (M4) (5G; 11""; 256 GB; Space Black) ";45556618;" CHF 1;028.13 ";1;;" CHF 1;028.13 ";AJ;;;;;
;;Tablet;"iPad Pro 13 2024 (M4) (nur WLAN; 13""; 256 GB; Silver)";45556636;" CHF 1;110.49 ";1;;" CHF 1;110.49 ";AJ;;;;;
;;Tablet;"iPad Pro 11 2024 (M4) (nur WLAN; 11""; 256 GB; Silver)";45556611; CHF 865.55 ;1;; CHF 865.55 ;AJ;;;;;
;;Tablet;"iPad Air 13 2024 (M2) (nur WLAN; 13""; 256 GB; Space Grey)";45556582; CHF 764.85 ;1;; CHF 764.85 ;AJ;;;;;
;;Tablet;"iPad Air 11 2024 (M2) (11""; 256 GB; Space Grey)";45556550; CHF 600.74 ;1;; CHF 600.74 ;AJ;;;;;
;;Tablet;"iPad Air 11 2024 (M2) (11""; 128 GB; Space Grey)";45556546; CHF 517.96 ;1;; CHF 517.96 ;AJ;;;;;
;;Tablet;"iPad Air 13 2024 (M2) (nur WLAN; 13""; 128 GB; Space Grey)";45556578; CHF 682.47 ;1;; CHF 682.47 ;AJ;;;;;
;;Tablet;"iPad Air 11 2024 (M2) (11""; 256 GB; Blue)";45556551; CHF 600.74 ;1;; CHF 600.74 ;AJ;;;;;
;;Tablet;"iPad Air 11 2024 (M2) (11""; 256 GB; Purple) ";45556553; CHF 600.74 ;1;; CHF 600.74 ;AJ;;;;;
;;Tablet;"iPad Air 13 2024 (M2) (nur WLAN; 13""; 256 GB; Blue)";45556583; CHF 766.10 ;1;; CHF 766.10 ;AJ;;;;;
;;Tablet;"Galaxy Tab A9+ (11""; 64 GB; Graphite)";40187443; CHF 139.03 ;1;; CHF 139.03 ;AJ;;;;;
;;Tablet;"Galaxy Tab S9 FE (nur WLAN; 10.90""; 128 GB; Gray)";37856540; CHF 299.27 ;1;; CHF 299.27 ;AJ;;;;;
;;Tablet;"Galaxy Tab A9+ (5G; 11""; 128 GB; Graphite)";40187438; CHF 217.57 ;1;; CHF 217.57 ;AJ;;;;;
;;Tablet;"Galaxy Tab A9 (8.70""; 64 GB; Graphite)";40187579; CHF 101.37 ;1;; CHF 101.37 ;AJ;;;;;
;;Tablet Hülle;Smart Folio (iPad Pro 11 2024 (M4));45560252;;2;;;AJ;;;;;
;;Tablet Hülle;Smart Folio (iPad Pro 13 2024 (M4)) ;45560261;;2;;;AJ;;;;;
;;Tablet Hülle;Smart Folio (iPad Air 11 2024 (M2));45560246;;2;;;AJ;;;;;
;;Tablet Hülle;Smart Folio (iPad Air 13 2024 (M2));45560260;;2;;;AJ;;;;;
24.05.2024;;Tablet Tastatur;"Combo Touch (CH; iPad 2022 (10. Gen))";23092615; CHF 106.20 ;1;; CHF 106.20 ;AJ;;;;;
24.05.2024;;Tablet Tastatur;"Smart Keyboard Folio (CH; iPad Air 2022 (5. Gen); iPad Pro 11 2022 (4. Gen); iPad Pro 11 2018 (1. Gen); iPad Pro 11 2020 (2. Gen); iPad Air 2020 (4. Gen); iPad Pro 11 2021 (3. Gen))";12943476; CHF 164.81 ;1;; CHF 164.81 ;AJ;;;;;
24.05.2024;Top 1000 Artikel;Tastatur;MK295 Silent;13695332; CHF 22.62 ;1;; CHF 22.62 ;AJ;;;;;
24.05.2024;Top 1000 Artikel;Tastatur;MK850 Performance;6087976; CHF 85.75 ;2;; CHF 171.50 ;AJ;;;;;
24.05.2024;;Tastatur;"G915 Lightspeed GL Tactile (CH; Kabellos)";11583592; CHF 161.60 ;1;; CHF 161.60 ;AJ;;;;;
24.05.2024;;Tastatur;"MK540 Advanced (CH; Kabellos)";7610347; CHF 38.04 ;2;; CHF 76.08 ;AJ;;;;;
24.05.2024;;Tastatur;"G213 Prodigy (CH; Kabelgebunden)";5891377; CHF 51.32 ;1;; CHF 51.32 ;AJ;;;;;
;;Tastatur;"MK235 (CH; Kabellos) ";5697528; CHF 22.48 ;1;; CHF 22.48 ;AJ;;;;;
;;Tastatur;"235 (CH; Kabellos)";14790821; CHF 19.70 ;1;; CHF 19.70 ;AJ;;;;;
;;Tastatur;"MX Keys Combo for Business Gen 2 (CH; Kabellos)";22514044; CHF 137.11 ;1;; CHF 137.11 ;AJ;;;;;
;;Tastatur;"Ergo K860 (CH; Kabellos)";13876021; CHF 71.99 ;1;; CHF 71.99 ;AJ;;;;;
;;Tastatur;"MK270 Combo (CH; Kabellos)";726795; CHF 25.33 ;1;; CHF 25.33 ;AJ;;;;;
;;Tastatur;"MX Keys S (CH; Kabellos)";35791644; CHF 66.40 ;1;; CHF 66.40 ;AJ;;;;;
24.05.2024;Top 1000 Artikel;Tinte;CLI-581/PGI-580;8364831; CHF 37.36 ;1;; CHF 37.36 ;AJ;;;;;
24.05.2024;Top 1000 Artikel;Tinte;CLI-581/PGI-580;6515775; CHF 15.96 ;1;; CHF 15.96 ;AJ;;;;;
24.05.2024;Top 1000 Artikel;Tinte;CLI-581/PGI-580;6896429; CHF 57.05 ;1;; CHF 57.05 ;AJ;;;;;
24.05.2024;Top 1000 Artikel;Tinte;305;13416802; CHF 13.25 ;1;; CHF 13.25 ;AJ;;;;;
24.05.2024;Top 1000 Artikel;Tinte;Combopack 303;9527064; CHF 26.23 ;1;; CHF 26.23 ;AJ;;;;;
24.05.2024;Top 1000 Artikel;Tinte;305;13416801; CHF 15.54 ;1;; CHF 15.54 ;AJ;;;;;
24.05.2024;Top 1000 Artikel;Tinte;62;5771378; CHF 32.41 ;1;; CHF 32.41 ;AJ;;;;;
24.05.2024;Top 1000 Artikel;Tinte;912XL;11051881; CHF 25.01 ;1;; CHF 25.01 ;AJ;;;;;
24.05.2024;Top 1000 Artikel;Tinte;305;13416739; CHF 8.29 ;1;; CHF 8.29 ;AJ;;;;;
24.05.2024;Top 1000 Artikel;Tinte;302;5635989; CHF 24.95 ;1;; CHF 24.95 ;AJ;;;;;
24.05.2024;Top 1000 Artikel;Tinte;304 Combopack;9527066; CHF 17.84 ;1;; CHF 17.84 ;AJ;;;;;
24.05.2024;Top 1000 Artikel;Tinte;302;5635984; CHF 11.85 ;1;; CHF 11.85 ;AJ;;;;;
24.05.2024;Top 1000 Artikel;Tinte;302;6043108; CHF 24.78 ;1;; CHF 24.78 ;AJ;;;;;
24.05.2024;Top 1000 Artikel;Tinte;973X;5697891; CHF 85.18 ;1;; CHF 85.18 ;AJ;;;;;
24.05.2024;Top 1000 Artikel;Tinte;LC-223;4676228; CHF 41.64 ;1;; CHF 41.64 ;AJ;;;;;
24.05.2024;Top 1000 Artikel;Tinte;305;13416786; CHF 8.30 ;1;; CHF 8.30 ;AJ;;;;;
24.05.2024;Top 1000 Artikel;Tinte;963XL;11051872; CHF 32.13 ;1;; CHF 32.13 ;AJ;;;;;
24.05.2024;Top 1000 Artikel;Tinte;PG-545/CL-546;5828744; CHF 23.75 ;1;; CHF 23.75 ;AJ;;;;;
24.05.2024;Top 1000 Artikel;Tinte;"PGI-570; CLI-571";5599698; CHF 42.67 ;1;; CHF 42.67 ;AJ;;;;;
24.05.2024;Top 1000 Artikel;Tinte;304;5837319; CHF 19.23 ;1;; CHF 19.23 ;AJ;;;;;
24.05.2024;Top Galaxus;Tinte;"953XL (BK; Tinte)";5756933; CHF 34.56 ;1;; CHF 34.56 ;AJ;;;;;
24.05.2024;Top Galaxus;Tinte;"903 (BK; Tinte)";5838645; CHF 29.00 ;1;; CHF 29.00 ;AJ;;;;;
24.05.2024;Top Galaxus;Tinte;"953XL (C; Tinte)";5771422; CHF 25.03 ;1;; CHF 25.03 ;AJ;;;;;
24.05.2024;;Tinte;PGI-570 (BK);5599325; CHF 12.50 ;1;; CHF 12.50 ;AJ;;;;;
24.05.2024;;Tinte;"953 Combopack (M; C; Y; BK)";13792781; CHF 71.18 ;1;; CHF 71.18 ;AJ;;;;;
24.05.2024;;Tinte;"102 EcoTank 4-colour Multipack (M; Y; BK; C)";14053901; CHF 25.22 ;1;; CHF 25.22 ;AJ;;;;;
24.05.2024;;Tinte;"301 (M; C; Y; BK)";5696440; CHF 28.31 ;1;; CHF 28.31 ;AJ;;;;;
24.05.2024;;Tinte;953XL (M);5771423; CHF 25.40 ;1;; CHF 25.40 ;AJ;;;;;
24.05.2024;;Tinte;62XL (BK);3481908; CHF 30.24 ;1;; CHF 30.24 ;AJ;;;;;
24.05.2024;;Tinte;"62XL (M; C; Y)";5771378; CHF 33.44 ;1;; CHF 33.44 ;AJ;;;;;
24.05.2024;;Tinte;"603 Multipack (M; C; Y; BK)";11758055; CHF 24.40 ;1;; CHF 24.40 ;AJ;;;;;
24.05.2024;;Tinte;33XL Claria Premium (BK);5618619; CHF 16.83 ;1;; CHF 16.83 ;AJ;;;;;
24.05.2024;;Tinte;"T104 T00P6 (M; Y; C; BK)";14049299; CHF 23.92 ;1;; CHF 23.92 ;AJ;;;;;
24.05.2024;;Tinte;"LC-3211 Value Pack (M; BK; Y; C)";8933663; CHF 22.75 ;1;; CHF 22.75 ;AJ;;;;;
;;Tinte;32XL (BK);11806002;;1;;;AJ;;;;;
;;Tinte;31 (Y);11806001;;1;;;AJ;;;;;
;;Tinte;31 (M);11806000;;1;;;AJ;;;;;
;;Tinte;31 (C);11805999;;1;;;AJ;;;;;
;;Tinte;102 Ecotank (BK);6815163;;1;;;;;;;;
24.05.2024;Top 1000 Artikel;Toner;TN-243;9240749; CHF 129.47 ;1;; CHF 129.47 ;AJ;;;;;
24.05.2024;Top 1000 Artikel;Toner;TN-2420;7022866; CHF 56.25 ;1;; CHF 56.25 ;AJ;;;;;
24.05.2024;Top 1000 Artikel;Toner;415X;11534804; CHF 129.40 ;1;; CHF 129.40 ;AJ;;;;;
24.05.2024;Top 1000 Artikel;Toner;TN-243;9240756; CHF 36.00 ;1;; CHF 36.00 ;AJ;;;;;
24.05.2024;Top 1000 Artikel;Toner;415X;11534898; CHF 179.03 ;1;; CHF 179.03 ;AJ;;;;;
24.05.2024;Top 1000 Artikel;Toner;203A;6611174; CHF 49.62 ;1;; CHF 49.62 ;AJ;;;;;
24.05.2024;Top 1000 Artikel;Toner;415A;11534883; CHF 83.90 ;1;; CHF 83.90 ;AJ;;;;;
24.05.2024;Top 1000 Artikel;Toner;203X;6611392; CHF 75.75 ;1;; CHF 75.75 ;AJ;;;;;
24.05.2024;Top 1000 Artikel;Toner;201X (BK);4670162; CHF 72.39 ;1;; CHF 72.39 ;AJ;;;;;
24.05.2024;Top 1000 Artikel;Toner;415X;11536166; CHF 177.99 ;1;; CHF 177.99 ;AJ;;;;;
24.05.2024;Top 1000 Artikel;Toner;TN-1050;711723; CHF 28.42 ;1;; CHF 28.42 ;AJ;;;;;
24.05.2024;;Toner;59A (BK);11445216; CHF 77.90 ;1;; CHF 77.90 ;AJ;;;;;
24.05.2024;Top Galaxus;Toner;TN-241 (BK);416842; CHF 46.38 ;1;; CHF 46.38 ;AJ;;;;;
24.05.2024;Top Galaxus;Toner;TN-241 (Y);416845; CHF 47.78 ;1;; CHF 47.78 ;AJ;;;;;
24.05.2024;Top Galaxus;Toner;TN-241 (C);416843; CHF 47.80 ;1;; CHF 47.80 ;AJ;;;;;
24.05.2024;Top Galaxus;Toner;TN-241 (M);416844; CHF 47.78 ;1;; CHF 47.78 ;AJ;;;;;
24.05.2024;;Toner;415A (M);11534970; CHF 82.54 ;1;; CHF 82.54 ;AJ;;;;;
24.05.2024;;Toner;415X (C);11534803; CHF 175.62 ;1;; CHF 175.62 ;AJ;;;;;
24.05.2024;;Toner;410A (BK);5622533; CHF 68.85 ;1;; CHF 68.85 ;AJ;;;;;
24.05.2024;;Toner;207X (BK);12512040; CHF 70.31 ;1;; CHF 70.31 ;AJ;;;;;
24.05.2024;;Toner;207X (Y);12512042; CHF 73.89 ;1;; CHF 73.89 ;AJ;;;;;
24.05.2024;;Toner;207X (C);12512041; CHF 73.97 ;1;; CHF 73.97 ;AJ;;;;;
24.05.2024;;Toner;207X (M);12512043; CHF 74.20 ;1;; CHF 74.20 ;AJ;;;;;
24.05.2024;;Toner;207A (BK);12511480; CHF 45.80 ;1;; CHF 45.80 ;AJ;;;;;
24.05.2024;;Toner;207A (C);12511481; CHF 54.38 ;1;; CHF 54.38 ;AJ;;;;;
24.05.2024;;Toner;207A (Y);12511482; CHF 54.84 ;1;; CHF 54.84 ;AJ;;;;;
24.05.2024;;Toner;207A (M);12511483; CHF 54.59 ;1;; CHF 54.59 ;AJ;;;;;
24.05.2024;;Toner;117A (BK);11569910; CHF 32.28 ;1;; CHF 32.28 ;AJ;;;;;
24.05.2024;;Toner;117A (C);11569911; CHF 35.53 ;1;; CHF 35.53 ;AJ;;;;;
24.05.2024;;Toner;117A (Y);11569938; CHF 35.42 ;1;; CHF 35.42 ;AJ;;;;;
24.05.2024;;Toner;117A (M);11569912; CHF 35.76 ;1;; CHF 35.76 ;AJ;;;;;
24.05.2024;;Toner;TN-423BK (BK);6201444; CHF 77.76 ;1;; CHF 77.76 ;AJ;;;;;
24.05.2024;;Toner;TN-423C (C);6201445; CHF 106.15 ;1;; CHF 106.15 ;AJ;;;;;
24.05.2024;;Toner;TN-423Y (Y);6201447; CHF 106.20 ;1;; CHF 106.20 ;AJ;;;;;
24.05.2024;;Toner;TN-423M (M);6201446; CHF 106.51 ;1;; CHF 106.51 ;AJ;;;;;
24.05.2024;;Toner;TN-247BK (BK);9240750; CHF 60.93 ;1;; CHF 60.93 ;AJ;;;;;
24.05.2024;Top 1000 Artikel;Tracker;AirTag (4 Pack);15711578; CHF 80.90 ;1;; CHF 80.90 ;AJ;;;;;
24.05.2024;;Tracker;AirTag (1 Pack);15711579; CHF 23.58 ;2;; CHF 47.16 ;AJ;;;;;
24.05.2024;;Tracker;Secure Holder für Apple AirTag;15813096; CHF 5.51 ;1;; CHF 5.51 ;AJ;;;;;
24.05.2024;;Trimmer+Haarschneider;ER-DGP86;22462491; CHF 138.03 ;1;; CHF 138.03 ;AJ;;;;;
24.05.2024;Top 1000 Artikel;USB Kabel;EP-DW700CBE USB C;12398997; CHF 2.47 ;1;; CHF 2.47 ;AJ;;;;;
24.12.2024;;USB Kabel;"digitec USB-A - Lightning (1 m; USB 2.0)";24841521;CHF 13.90;3;; CHF 41.70 ;AJ;;;;;
24.12.2024;;USB Kabel;"digitec USB-A - Lightning (2 m; USB 2.0)";24841523;CHF 17.90;3;; CHF 53.70 ;AJ;;;;;
24.12.2024;;USB Kabel;"digitec USB-C - Lightning (2 m; USB 2.0)";24841524;CHF 19.90;3;; CHF 59.70 ;AJ;;;;;
24.12.2024;;USB Kabel;"digitec USB-A - USB-C (2 m; USB 3.1; USB 3.0; USB 2.0; USB 3.2 Gen 1)";24841560;CHF 13.90;3;; CHF 41.70 ;AJ;;;;;
24.12.2024;;USB Kabel;"digitec USB-A - USB-C (1 m; USB 2.0; USB 3.2 Gen 1; USB 3.1; USB 3.0)";24841515;CHF 10.90;3;; CHF 32.70 ;AJ;;;;;
24.12.2024;;USB Kabel;"digitec USB-C - Lightning (1 m; USB 2.0)";24841522;CHF 16.90;3;; CHF 50.70 ;AJ;;;;;
24.12.2024;;USB Kabel;"digitec USB-C - USB-C (1 m; USB 3.1; USB 3.0; USB 3.2 Gen 1; USB 2.0)";24841517;CHF 9.90;3;; CHF 29.70 ;AJ;;;;;
24.12.2024;;USB Kabel;"digitec USB-C - USB-C (3 m; USB 3.1; USB 3.0; USB 2.0; USB 3.2 Gen 1)";24841563;CHF 19.90;3;; CHF 59.70 ;AJ;;;;;
24.12.2024;;USB Kabel;"digitec USB-C - USB-C (0.25 m; USB 3.1; USB 3.0; USB 2.0)";24841516;CHF 8.90;3;; CHF 26.70 ;AJ;;;;;
24.12.2024;;USB Kabel;"digitec USB-C - USB-C (3 m; USB 2.0; USB 3.2 Gen 2x2; USB 3.2 Gen 1)";24841525;CHF 21.90;3;; CHF 65.70 ;AJ;;;;;
24.12.2024;;USB Kabel;"digitec USB-C - USB-C (0.25 m; USB 3.2 Gen 2x2; USB 3.2 Gen 1)";24841519;CHF 14.90;3;; CHF 44.70 ;AJ;;;;;
24.12.2024;;USB Kabel;"digitec USB4 (0.80 m; USB 4.0; USB 3.2 Gen 2x2)";24841518;CHF 24.90;3;; CHF 74.70 ;AJ;;;;;
24.05.2024;;USB Ladegerät;USB-C Power Adapter (20 W);14005650; CHF 16.10 ;5;; CHF 80.50 ;AJ;;;;;
24.05.2024;;USB Ladegerät;"Schnellladegerät EP-TA800XB (25 W; Fast Charge)";11499332; CHF 11.92 ;3;; CHF 35.76 ;AJ;;;;;
24.05.2024;;USB Ladegerät;"Schnellladegerät TA800N (ohne Kabel) (25 W; Fast Charge)";14559643; CHF 8.12 ;3;; CHF 24.36 ;AJ;;;;;
24.05.2024;;USB Ladegerät;"Schnellladegerät TA800N (ohne Kabel) (25 W; Fast Charge)";14559644; CHF 7.75 ;3;; CHF 23.25 ;AJ;;;;;
24.05.2024;;USB Ladegerät;"Trio 65W PD Power Adapter Trio (65 W; Power Delivery 3.0; Fast Charge)";17541832; CHF 25.83 ;2;; CHF 51.66 ;AJ;;;;;
24.05.2024;;USB Ladegerät;"EP-T4510 (45 W; Power Delivery 3.0; Fast Charge)";18247188; CHF 19.06 ;3;; CHF 57.18 ;AJ;;;Lieferung kommt demnächst;;
24.05.2024;;USB Ladegerät;"USB-C Netzteil (30 W; Power Delivery)";17574331; CHF 16.55 ;1;; CHF 16.55 ;AJ;;;;;
24.05.2024;;USB Ladegerät;"Omnia PA-B6S + USB C Kabel (90 W; Adaptive Fast Charge; Quick Charge 4.0; Power Delivery 3.0; GaN Technology)";15674921; CHF 39.00 ;1;; CHF 39.00 ;AJ;;;;;
;;USB Ladegerät;"GaN 4-Port Desktop Charger (120 W; GaN Technology)";24556925; CHF 22.84 ;2;; CHF 45.68 ;AJ;;;;;
24.12.2024;;USB Ladegerät;"digitec Fast Charger (20 W; Quick Charge 2.0)";23378928;CHF 12.90;3;; CHF 38.70 ;AJ;;;;;
24.12.2024;;USB Ladegerät;"digitec Fast Charger (20 W; Quick Charge 2.0)";23378929;CHF 12.90;3;; CHF 38.70 ;AJ;;;;;
24.12.2024;;USB Ladegerät;"digitec Fast Charger (30 W; Power Delivery 2.0; Power Delivery 3.0)";23378931;CHF 16.90;5;; CHF 84.50 ;AJ;;;;;
24.12.2024;;USB Ladegerät;"digitec Fast Charger (30 W; Power Delivery 2.0; Power Delivery 3.0)";23378930;CHF 16.90;5;; CHF 84.50 ;AJ;;;;;
24.12.2024;;USB Ladegerät;"digitec GaN 4-Port Fast Charger (240 W; GaN Technology)";24556946;CHF 119.00;3;; CHF 357.00 ;AJ;;;;;
24.12.2024;;USB Ladegerät;"digitec GaN 4-Port Fast Charger (130 W; Quick Charge 3.0)";24556945;CHF 79.00;3;; CHF 237.00 ;AJ;;;;;
24.12.2024;;USB Ladegerät;"digitec GaN 3-Port Fast Charger (65 W; Power Delivery 2.0)";24556944;CHF 39.00;3;; CHF 117.00 ;AJ;;;;;
24.05.2024;Top 1000 Artikel;USB Stick;Ultra Flair;5751582; CHF 4.25 ;2;; CHF 8.51 ;AJ;;;;;
24.05.2024;Top 1000 Artikel;USB Stick;Ultra Flair;5680475; CHF 7.13 ;2;; CHF 14.25 ;AJ;;;;;
24.05.2024;Top 1000 Artikel;USB Stick;Ultra Dual Drive Luxe;12927521; CHF 15.91 ;1;; CHF 15.91 ;AJ;;;;;
24.05.2024;Top 1000 Artikel;USB Stick;Ultra Flair;5751581; CHF 3.94 ;1;; CHF 3.94 ;AJ;;;;;
24.05.2024;Top 1000 Artikel;USB Stick;FlashPen Rotate;398966; CHF 2.29 ;1;; CHF 2.29 ;AJ;;;;;
24.05.2024;Top 1000 Artikel;USB Stick;Ultra Dual Drive Luxe;12933198; CHF 27.37 ;1;; CHF 27.37 ;AJ;;;;;
24.05.2024;Top 1000 Artikel;USB Stick;Ultra Dual Drive Luxe;13084883; CHF 7.70 ;1;; CHF 7.70 ;AJ;;;;;
24.05.2024;Top 1000 Artikel;USB Stick;DataTraveler Exodia;13944457; CHF 4.06 ;1;; CHF 4.06 ;AJ;;;;;
24.05.2024;Top 1000 Artikel;USB Stick;Ultra Dual Drive Luxe;13033841; CHF 42.44 ;1;; CHF 42.44 ;AJ;;;;;
24.05.2024;;USB Stick;"Flash Drive Type-C (256 GB; USB C; USB 3.1)";20124955; CHF 23.67 ;1;; CHF 23.67 ;AJ;;;;;
24.05.2024;;USB Stick;"Flash Drive Type-C (128 GB; USB 3.1; USB C)";20498349; CHF 13.70 ;1;; CHF 13.70 ;AJ;;;;;
24.05.2024;;USB Stick;"Flash Drive Type-C (64 GB; USB C; USB 3.1)";20124954; CHF 8.23 ;1;; CHF 8.23 ;AJ;;;;;
24.05.2024;;USB Stick;"Ultra Dual Drive Luxe (1000 GB; USB 3.1; USB C; USB A)";13456246; CHF 81.30 ;1;; CHF 81.30 ;AJ;;;;;
24.05.2024;;USB Stick;"USB-Stick Rotate (128 GB; USB 3.0; USB A)";15800665; CHF 4.75 ;2;; CHF 9.50 ;AJ;;;;;
24.05.2024;;USB Stick;"Ultra Dual Drive (256 GB; USB 3.1; USB C; USB A)";6146667; CHF 19.90 ;1;; CHF 19.90 ;AJ;;;;;
24.05.2024;;USB Stick;"Fit Plus (256 GB; USB 3.1; USB A)";13424753; CHF 25.28 ;1;; CHF 25.28 ;AJ;;;;;
24.05.2024;;USB Stick;"iXpand Go (128 GB; USB A; Lightning; USB 3.0)";11848264; CHF 26.67 ;1;; CHF 26.67 ;AJ;;;;;
24.05.2024;;USB Stick;"iXpand Luxe (256 GB; Lightning; USB C; USB 3.1)";14375098; CHF 50.18 ;1;; CHF 50.18 ;AJ;;;;;
;;USB Stick;"Ultra Dual Drive Luxe (64 GB; USB C; USB A)";13084859; CHF 8.24 ;1;; CHF 8.24 ;AJ;;;;;
;;USB Stick;"Ultra Dual Drive Go (512 GB; USB C; USB A)";13199835; CHF 33.98 ;1;; CHF 33.98 ;AJ;;;;;
;;USB Stick;"Extreme PRO (256 GB; USB A)";6073356; CHF 37.51 ;1;; CHF 37.51 ;AJ;;;;;
;;USB Stick;"USB-Stick Rotate (256 GB; USB A; USB 3.0)";15802418; CHF 10.90 ;1;; CHF 10.90 ;AJ;;;;;
;;USB Stick;"iXpand Go (256 GB; USB A; Lightning)";12225295; CHF 40.63 ;1;; CHF 40.63 ;AJ;;;;;
24.05.2024;Top 1000 Artikel;Video Kabel;USB-C - HDMI;10152875; CHF 14.80 ;2;; CHF 29.59 ;AJ;;;;;
24.05.2024;Top 1000 Artikel;Video Kabel;USB-C - Displayport;6393373; CHF 13.26 ;2;; CHF 26.53 ;AJ;;;;;
24.05.2024;Top 1000 Artikel;Video Kabel;USB-C - Displayport 4K;6393364; CHF 14.86 ;2;; CHF 29.73 ;AJ;;;;;
24.05.2024;Top 1000 Artikel;Video Kabel;DisplayPort auf HDTV;10153925; CHF 7.56 ;2;; CHF 15.11 ;AJ;;;;;
24.05.2024;;Video Kabel;"HDMI – HDMI (15 m; HDMI)";15682031; CHF 10.60 ;1;; CHF 10.60 ;AJ;;;;;
24.05.2024;;Video Kabel;"HDMI-HDMI 2.1 (1 m; HDMI)";21719096; CHF 3.46 ;3;; CHF 10.38 ;AJ;;;;;
24.05.2024;;Video Kabel;"HDMI-HDMI 2.1 (2 m; HDMI)";21719896; CHF 4.44 ;3;; CHF 13.32 ;AJ;;;;;
24.05.2024;;Video Kabel;"HDMI-HDMI 2.0 (3 m; HDMI)";14594437; CHF 3.81 ;3;; CHF 11.43 ;AJ;;;;;
24.05.2024;;Video Kabel;"HDMI-HDMI 2.0 (5 m; HDMI)";14594438; CHF 4.65 ;2;; CHF 9.30 ;AJ;;;;;
24.05.2024;;Video Kabel;"HDMI-HDMI 2.0 (2 m; HDMI)";14594436; CHF 3.40 ;3;; CHF 10.20 ;AJ;;;;;
24.05.2024;;Video Kabel;"HDMI-HDMI 2.0 (1 m; HDMI)";14594435; CHF 2.90 ;3;; CHF 8.70 ;AJ;;;;;
;;Video Kabel;"DisplayPort – DisplayPort 1.4 (2 m; DisplayPort) ";24841506; CHF 1.74 ;2;; CHF 3.48 ;AJ;;;;;
;;Video Kabel;"DisplayPort – DisplayPort 1.4 (3 m; DisplayPort)";24841507; CHF 2.73 ;2;; CHF 5.46 ;AJ;;;;;
;;Video Kabel;"DisplayPort – DisplayPort 1.4 (1 m; DisplayPort)";24841555; CHF 1.49 ;2;; CHF 2.98 ;AJ;;;;;
;;Video Kabel;"DisplayPort - DisplayPort 1.2 (3 m; DisplayPort)";24841509; CHF 1.39 ;2;; CHF 2.78 ;AJ;;;;;
;;Video Kabel;"DisplayPort - DisplayPort 1.2 (1 m; DisplayPort)";24841556; CHF 0.97 ;2;; CHF 1.94 ;AJ;;;;;
;;Video Kabel;"HDMI-HDMI 2.1 (5 m; HDMI)";22979656; CHF 9.42 ;2;; CHF 18.84 ;AJ;;;;;
;;VR Brille;Quest 3 512 GB (512 GB);38631204; CHF 539.40 ;1;; CHF 539.40 ;AJ;;;;;
24.05.2024;Top 1000 Artikel;VR Zubehör;Link Kabel;13804011; CHF 63.77 ;2;; CHF 127.54 ;AJ;;;;;
24.05.2024;Top 1000 Artikel;Wärmeleitpaste;Kryonaut;5614395; CHF 4.34 ;5;; CHF 21.69 ;AJ;;;;;
24.05.2024;Top 1000 Artikel;Webcam;C922 Pro Stream;5891314; CHF 79.08 ;1;; CHF 79.08 ;AJ;;;;;
24.05.2024;Top 1000 Artikel;Webcam;Brio 4K;6146448; CHF 121.37 ;1;; CHF 121.37 ;AJ;;;;;
;;Webcam;C270 (0.90 Mpx);5751463; CHF 12.13 ;1;; CHF 12.13 ;AJ;;;;;
24.05.2024;;Windeln;"Premium Protection (Gr. 4; 174 Stück; Monatsbox)";23688427; CHF 38.54 ;1;; CHF 38.54 ;AJ;;;;;
24.05.2024;;Windeln;"Premium Protection (Gr. 3; 204 Stück; Monatsbox)";23688426; CHF 38.11 ;1;; CHF 38.11 ;AJ;;;;;
24.05.2024;;Windeln;"Premium Protection (Gr. 1; 180 Stück; Halbmonatsbox)";23688424; CHF 28.58 ;1;; CHF 28.58 ;AJ;;;;;
24.05.2024;;Windeln;"Premium Protection (Gr. 2; 240 Stück; Monatsbox)";23688425; CHF 38.16 ;1;; CHF 38.16 ;AJ;;;;;
24.05.2024;;Windeln;"Premium Protection Pants (Gr. 4; 168 Stück; Monatsbox)";23688430; CHF 39.59 ;1;; CHF 39.59 ;AJ;;;;;
;;;;;;;;;;;;;;
;;;;;;;;;;;;;;
;;;;;;;;;;;;;;
;;;;; Total Stück ;1173;;;;;;;;
;;;;; Total Artikel ;864;;;;;;;;
;;;;; Total Einkkaufspreis pro Filiale ;" CHF 166;580.87 ";;;;;;;;
;;;;;;;;;;;;;;
;;;;;;;;;;;;;;
;;;;; Total Einkaufspreis 2023 ;" CHF 226;531.85 ";;;;;;;;
